customer_id,total_revenue,total_profit,total_orders,total_quantity,first_order_date,last_order_date,days_since_last_order,avg_order_value,R,F,M,RFM_score
AA-10315,5563.56,-362.8825000000002,5,30,2014-03-31 00:00:00.000000,2017-06-29 00:00:00.000000,184,1112.712,1,1,4,114
AA-10375,1056.39,277.3824,9,41,2014-04-21 00:00:00.000000,2017-12-11 00:00:00.000000,19,117.37666666666668,4,4,1,441
AA-10480,1790.512,435.82739999999995,4,36,2014-05-04 00:00:00.000000,2017-04-15 00:00:00.000000,259,447.628,1,1,2,112
AA-10645,5086.9349999999995,857.8032999999998,6,64,2014-06-22 00:00:00.000000,2017-11-05 00:00:00.000000,55,847.8224999999999,3,2,4,324
AB-10015,886.156,129.3465,3,13,2014-02-18 00:00:00.000000,2016-11-10 00:00:00.000000,415,295.38533333333334,1,1,1,111
AB-10060,7755.620000000001,2054.5885,8,56,2015-09-18 00:00:00.000000,2017-11-06 00:00:00.000000,54,969.4525000000001,3,3,4,334
AB-10105,14473.570999999998,5444.8055,10,73,2014-12-20 00:00:00.000000,2017-11-19 00:00:00.000000,41,1447.3570999999997,3,4,4,344
AB-10150,966.71,313.6597,5,37,2014-03-05 00:00:00.000000,2017-11-19 00:00:00.000000,41,193.342,3,1,1,311
AB-10165,1113.838,220.813,8,48,2014-11-16 00:00:00.000000,2017-12-05 00:00:00.000000,25,139.22975,4,3,1,431
AB-10255,914.532,264.5675,9,39,2014-07-22 00:00:00.000000,2017-07-17 00:00:00.000000,166,101.61466666666666,2,4,1,241
AB-10600,1515.862,-274.96040000000016,4,38,2014-11-18 00:00:00.000000,2017-11-10 00:00:00.000000,50,378.9655,3,1,2,312
AC-10420,925.8000000000001,-62.13420000000007,3,17,2014-07-12 00:00:00.000000,2017-05-12 00:00:00.000000,232,308.6,1,1,1,111
AC-10450,5527.846,1366.0097999999998,7,43,2014-10-31 00:00:00.000000,2017-12-19 00:00:00.000000,11,789.6922857142856,4,3,4,434
AC-10615,2537.6859999999997,298.82730000000004,5,59,2015-09-15 00:00:00.000000,2017-12-24 00:00:00.000000,6,507.5371999999999,4,1,3,413
AC-10660,657.316,-28.70040000000001,5,16,2014-10-15 00:00:00.000000,2017-03-23 00:00:00.000000,282,131.4632,1,1,1,111
AD-10180,6106.88,1869.9293999999998,8,40,2014-11-19 00:00:00.000000,2017-12-01 00:00:00.000000,29,763.36,4,3,4,434
AF-10870,2052.908,317.97120000000007,7,51,2015-12-06 00:00:00.000000,2017-11-19 00:00:00.000000,41,293.27257142857144,3,3,2,332
AF-10885,861.565,-163.1175,4,37,2014-05-10 00:00:00.000000,2016-11-10 00:00:00.000000,415,215.39125,1,1,1,111
AG-10270,2582.8979999999997,732.7398999999998,5,58,2014-05-13 00:00:00.000000,2017-03-27 00:00:00.000000,278,516.5795999999999,1,1,3,113
AG-10300,367.548,59.288399999999996,4,16,2014-04-26 00:00:00.000000,2017-09-03 00:00:00.000000,118,91.887,2,1,1,211
AG-10330,660.972,-5.137100000000007,5,47,2016-08-03 00:00:00.000000,2017-12-22 00:00:00.000000,8,132.1944,4,1,1,411
AG-10390,200.945,69.2784,5,33,2014-04-19 00:00:00.000000,2017-09-07 00:00:00.000000,114,40.189,2,1,1,211
AG-10495,2356.855,295.6668000000001,8,93,2015-01-04 00:00:00.000000,2017-10-13 00:00:00.000000,78,294.606875,2,3,3,233
AG-10525,1455.038,-152.76130000000006,4,33,2014-08-09 00:00:00.000000,2015-09-07 00:00:00.000000,845,363.7595,1,1,2,112
AG-10675,3489.0396,-246.4257000000001,7,54,2015-05-07 00:00:00.000000,2017-09-24 00:00:00.000000,97,498.4342285714286,2,3,3,233
AG-10765,170.584,-8.431000000000026,4,20,2014-09-17 00:00:00.000000,2017-10-14 00:00:00.000000,77,42.646,2,1,1,211
AG-10900,4510.7970000000005,343.68239999999986,10,92,2014-07-23 00:00:00.000000,2017-09-25 00:00:00.000000,96,451.07970000000006,2,4,4,244
AH-10030,1744.7,365.2151999999999,7,54,2014-04-22 00:00:00.000000,2017-12-18 00:00:00.000000,12,249.24285714285716,4,3,2,432
AH-10075,3250.337,281.1889999999999,10,75,2014-11-16 00:00:00.000000,2017-11-26 00:00:00.000000,34,325.0337,3,4,3,343
AH-10120,1735.5140000000001,-2.3146000000000413,7,65,2014-07-18 00:00:00.000000,2017-10-31 00:00:00.000000,60,247.93057142857145,3,3,2,332
AH-10195,1587.4520000000002,-378.5508999999999,4,28,2015-03-05 00:00:00.000000,2017-11-05 00:00:00.000000,55,396.86300000000006,3,1,2,312
AH-10210,4805.344,1308.5546,9,53,2014-11-29 00:00:00.000000,2017-12-24 00:00:00.000000,6,533.9271111111111,4,4,4,444
AH-10465,2495.3916,-196.12010000000024,5,35,2015-01-03 00:00:00.000000,2017-05-14 00:00:00.000000,230,499.07831999999996,1,1,3,113
AH-10585,738.504,83.96300000000002,4,17,2014-10-26 00:00:00.000000,2017-12-09 00:00:00.000000,21,184.626,4,1,1,411
AH-10690,7888.294,1298.0165999999995,12,102,2014-04-02 00:00:00.000000,2016-11-15 00:00:00.000000,410,657.3578333333334,1,4,4,144
AI-10855,4375.786,867.7271000000001,10,72,2014-04-28 00:00:00.000000,2017-12-17 00:00:00.000000,13,437.5786,4,4,4,444
AJ-10780,4867.344,150.71299999999982,7,62,2014-01-10 00:00:00.000000,2017-10-16 00:00:00.000000,75,695.3348571428571,3,3,4,334
AJ-10795,4501.391,1158.7063999999998,7,88,2014-05-14 00:00:00.000000,2017-07-17 00:00:00.000000,166,643.0558571428571,2,3,4,234
AJ-10945,1839.24,521.1351999999999,7,40,2014-03-03 00:00:00.000000,2017-10-06 00:00:00.000000,85,262.74857142857144,2,3,2,232
AJ-10960,629.2479999999999,60.42649999999998,3,22,2014-09-14 00:00:00.000000,2017-10-17 00:00:00.000000,74,209.7493333333333,3,1,1,311
AM-10360,814.012,194.9878,5,48,2014-10-06 00:00:00.000000,2017-12-02 00:00:00.000000,28,162.80239999999998,4,1,1,411
AM-10705,5664.022,1085.7325999999998,8,81,2014-10-31 00:00:00.000000,2017-07-21 00:00:00.000000,162,708.00275,2,3,4,234
AO-10810,161.28,12.095999999999997,1,2,2016-08-16 00:00:00.000000,2016-08-16 00:00:00.000000,501,161.28,1,1,1,111
AP-10720,1638.554,285.7887999999999,8,85,2014-03-03 00:00:00.000000,2017-11-19 00:00:00.000000,41,204.81925,3,3,2,332
AP-10915,3323.5560000000005,579.3112999999998,10,102,2014-08-23 00:00:00.000000,2017-09-23 00:00:00.000000,98,332.35560000000004,2,4,3,243
AR-10345,1055.694,-221.0544000000001,4,18,2014-12-30 00:00:00.000000,2017-09-10 00:00:00.000000,111,263.9235,2,1,1,211
AR-10405,2236.1279999999997,-98.76459999999983,5,29,2014-10-03 00:00:00.000000,2017-08-27 00:00:00.000000,125,447.22559999999993,2,1,2,212
AR-10510,264.86400000000003,43.66949999999999,5,33,2014-05-02 00:00:00.000000,2017-12-16 00:00:00.000000,14,52.97280000000001,4,1,1,411
AR-10540,6608.448,2884.6207999999997,6,33,2014-11-25 00:00:00.000000,2017-12-24 00:00:00.000000,6,1101.4080000000001,4,2,4,424
AR-10570,88.15,32.632999999999996,1,6,2016-07-14 00:00:00.000000,2016-07-14 00:00:00.000000,534,88.15,1,1,1,111
AR-10825,4523.336,494.8352,8,54,2014-06-30 00:00:00.000000,2017-11-02 00:00:00.000000,58,565.417,3,3,4,334
AS-10045,3050.692,-253.5746000000003,7,48,2014-07-27 00:00:00.000000,2017-10-03 00:00:00.000000,88,435.81314285714285,2,3,3,233
AS-10090,3255.31,64.53739999999996,9,81,2014-09-22 00:00:00.000000,2017-12-02 00:00:00.000000,28,361.7011111111111,4,4,3,443
AS-10135,58.82,21.8496,2,9,2016-11-13 00:00:00.000000,2017-11-19 00:00:00.000000,41,29.41,3,1,1,311
AS-10225,4260.784,719.7750999999998,5,41,2014-10-18 00:00:00.000000,2017-12-08 00:00:00.000000,22,852.1568,4,1,4,414
AS-10240,584.6080000000001,33.71579999999997,7,39,2014-03-15 00:00:00.000000,2017-06-21 00:00:00.000000,192,83.51542857142859,1,3,1,131
AS-10285,3214.236,354.6276,6,39,2016-05-21 00:00:00.000000,2017-12-11 00:00:00.000000,19,535.706,4,2,3,423
AS-10630,833.398,136.49189999999996,7,34,2014-08-01 00:00:00.000000,2017-09-29 00:00:00.000000,92,119.05685714285714,2,3,1,231
AT-10435,1171.814,100.87679999999999,6,28,2014-11-24 00:00:00.000000,2017-12-09 00:00:00.000000,21,195.30233333333334,4,2,2,422
AT-10735,3831.864,974.107,10,60,2014-08-30 00:00:00.000000,2017-12-17 00:00:00.000000,13,383.1864,4,4,4,444
AW-10840,649.3760000000001,65.77249999999998,4,24,2015-04-13 00:00:00.000000,2017-12-10 00:00:00.000000,20,162.34400000000002,4,1,1,411
AW-10930,2852.9680000000003,-104.54860000000016,7,68,2014-07-14 00:00:00.000000,2017-11-14 00:00:00.000000,46,407.5668571428572,3,3,3,333
AY-10555,497.014,103.34989999999999,4,34,2014-04-06 00:00:00.000000,2017-12-16 00:00:00.000000,14,124.2535,4,1,1,411
AZ-10750,1622.018,154.95029999999997,6,40,2014-03-17 00:00:00.000000,2017-07-23 00:00:00.000000,160,270.33633333333336,2,2,2,222
BB-10990,744.34,11.58389999999996,5,26,2014-07-27 00:00:00.000000,2017-09-16 00:00:00.000000,105,148.868,2,1,1,211
BB-11545,6765.728,1015.0749999999995,9,83,2015-06-05 00:00:00.000000,2017-12-02 00:00:00.000000,28,751.7475555555556,4,4,4,444
BC-11125,2933.6760000000004,251.5974,9,60,2014-07-06 00:00:00.000000,2017-06-11 00:00:00.000000,202,325.96400000000006,1,4,3,143
BD-11320,5718.521000000001,1094.5036999999998,12,75,2015-05-31 00:00:00.000000,2017-11-27 00:00:00.000000,33,476.5434166666667,3,4,4,344
BD-11500,4411.243,1142.1225000000002,6,49,2014-02-01 00:00:00.000000,2017-11-25 00:00:00.000000,35,735.2071666666667,3,2,4,324
BD-11560,320.54,116.714,2,11,2015-05-30 00:00:00.000000,2017-03-27 00:00:00.000000,278,160.27,1,1,1,111
BD-11605,3288.471,634.8462999999999,7,74,2014-01-13 00:00:00.000000,2017-09-24 00:00:00.000000,97,469.78157142857145,2,3,3,233
BD-11620,1538.1100000000001,206.75689999999997,6,27,2014-06-30 00:00:00.000000,2017-10-22 00:00:00.000000,69,256.3516666666667,3,2,2,322
BD-11635,582.6460000000001,141.53399999999996,3,19,2014-10-05 00:00:00.000000,2017-12-21 00:00:00.000000,9,194.21533333333335,4,1,1,411
BD-11725,1526.5,333.9791,6,29,2015-07-03 00:00:00.000000,2017-09-28 00:00:00.000000,93,254.41666666666666,2,2,2,222
BD-11770,658.466,141.26499999999996,6,21,2016-03-10 00:00:00.000000,2017-02-06 00:00:00.000000,327,109.74433333333333,1,2,1,121
BE-11335,4204.676,1487.7739000000001,5,35,2016-01-15 00:00:00.000000,2017-09-02 00:00:00.000000,119,840.9352000000001,2,1,4,214
BE-11410,2261.438,755.9150999999997,5,19,2016-02-07 00:00:00.000000,2017-09-23 00:00:00.000000,98,452.2876,2,1,3,213
BE-11455,1727.652,139.2007999999999,6,40,2015-08-02 00:00:00.000000,2017-04-20 00:00:00.000000,254,287.942,1,2,2,122
BF-10975,599.798,227.43839999999994,7,38,2014-07-14 00:00:00.000000,2017-09-30 00:00:00.000000,91,85.68542857142857,2,3,1,231
BF-11005,1333.88,-291.3811000000001,4,26,2014-09-25 00:00:00.000000,2017-11-21 00:00:00.000000,39,333.47,3,1,2,312
BF-11020,2888.5060000000003,302.02,8,78,2014-02-15 00:00:00.000000,2017-10-17 00:00:00.000000,74,361.06325000000004,3,3,3,333
BF-11080,272.95,110.92719999999998,3,29,2014-11-28 00:00:00.000000,2017-12-05 00:00:00.000000,25,90.98333333333333,4,1,1,411
BF-11170,5907.972000000001,1538.2127,11,102,2014-04-13 00:00:00.000000,2017-12-14 00:00:00.000000,16,537.0883636363637,4,4,4,444
BF-11215,1585.162,523.2133,4,48,2014-11-09 00:00:00.000000,2017-10-26 00:00:00.000000,65,396.2905,3,1,2,312
BF-11275,791.99,25.870199999999986,3,11,2014-03-22 00:00:00.000000,2017-11-03 00:00:00.000000,57,263.99666666666667,3,1,1,311
BG-11035,2798.948,-711.4274,8,35,2014-11-05 00:00:00.000000,2017-12-02 00:00:00.000000,28,349.8685,4,3,3,433
BG-11695,1874.1719999999998,107.5714999999998,6,24,2014-05-11 00:00:00.000000,2017-11-24 00:00:00.000000,36,312.36199999999997,3,2,2,322
BG-11740,1006.356,119.34789999999997,6,22,2014-03-23 00:00:00.000000,2017-11-03 00:00:00.000000,57,167.726,3,2,1,321
BH-11710,6255.351000000001,802.7897999999999,8,97,2014-06-09 00:00:00.000000,2017-12-07 00:00:00.000000,23,781.9188750000001,4,3,4,434
BK-11260,659.138,-63.76440000000004,6,58,2014-08-03 00:00:00.000000,2017-10-14 00:00:00.000000,77,109.85633333333334,2,2,1,221
BM-11140,11789.63,-1659.958100000002,4,64,2014-09-08 00:00:00.000000,2017-02-26 00:00:00.000000,307,2947.4075,1,1,4,114
BM-11575,808.162,95.58159999999998,6,22,2015-09-15 00:00:00.000000,2017-09-21 00:00:00.000000,100,134.69366666666667,2,2,1,221
BM-11650,7294.185,2199.2780999999995,11,95,2014-07-09 00:00:00.000000,2017-11-27 00:00:00.000000,33,663.1077272727273,3,4,4,344
BM-11785,1338.8419999999999,137.74389999999994,10,44,2014-06-06 00:00:00.000000,2017-05-26 00:00:00.000000,218,133.8842,1,4,2,142
BN-11470,265.296,36.61309999999998,4,15,2014-09-12 00:00:00.000000,2017-12-06 00:00:00.000000,24,66.324,4,1,1,411
BN-11515,1459.344,340.70539999999994,5,79,2014-03-17 00:00:00.000000,2017-12-21 00:00:00.000000,9,291.8688,4,1,2,412
BO-11350,2682.728,278.777,5,43,2016-01-03 00:00:00.000000,2017-08-15 00:00:00.000000,137,536.5456,2,1,3,213
BO-11425,130.83,59.45219999999999,2,7,2015-09-10 00:00:00.000000,2017-10-16 00:00:00.000000,75,65.415,3,1,1,311
BP-11050,983.42,209.78300000000002,5,30,2014-10-12 00:00:00.000000,2017-10-08 00:00:00.000000,83,196.684,2,1,1,211
BP-11095,2442.044,433.9750999999999,12,70,2014-06-07 00:00:00.000000,2017-12-13 00:00:00.000000,17,203.50366666666665,4,4,3,443
BP-11155,1697.8609999999999,647.3847000000001,6,32,2015-06-04 00:00:00.000000,2017-10-02 00:00:00.000000,89,282.97683333333333,2,2,2,222
BP-11185,3675.8610000000003,363.5990999999998,9,69,2015-03-24 00:00:00.000000,2017-12-29 00:00:00.000000,1,408.42900000000003,4,4,3,443
BP-11230,1181.49,-197.2695,5,14,2014-04-20 00:00:00.000000,2017-11-21 00:00:00.000000,39,236.298,3,1,2,312
BP-11290,2475.157,-319.0637000000001,7,51,2014-10-03 00:00:00.000000,2017-12-18 00:00:00.000000,12,353.5938571428572,4,3,3,433
BS-11365,10501.653,2616.0643999999993,5,39,2014-05-04 00:00:00.000000,2016-06-20 00:00:00.000000,558,2100.3306000000002,1,1,4,114
BS-11380,3887.8340000000003,-17.532200000000017,5,58,2014-11-29 00:00:00.000000,2017-12-02 00:00:00.000000,28,777.5668000000001,4,1,4,414
BS-11590,2454.9280000000003,381.7807,6,41,2014-01-14 00:00:00.000000,2017-11-25 00:00:00.000000,35,409.15466666666674,3,2,3,323
BS-11665,3288.1100000000006,238.7367999999999,3,47,2014-06-23 00:00:00.000000,2016-05-27 00:00:00.000000,582,1096.0366666666669,1,1,3,113
BS-11755,2562.382,-113.29840000000004,7,45,2014-05-18 00:00:00.000000,2017-12-29 00:00:00.000000,1,366.0545714285714,4,3,3,433
BS-11800,949.4300000000001,194.05159999999998,2,22,2015-09-26 00:00:00.000000,2017-04-09 00:00:00.000000,265,474.71500000000003,1,1,1,111
BT-11305,2567.656,417.59180000000003,5,33,2014-04-25 00:00:00.000000,2017-01-28 00:00:00.000000,336,513.5312,1,1,3,113
BT-11395,2186.6130000000003,257.91629999999986,6,38,2014-10-28 00:00:00.000000,2017-03-03 00:00:00.000000,302,364.43550000000005,1,2,2,122
BT-11440,603.876,-77.52560000000001,4,16,2014-06-04 00:00:00.000000,2016-06-18 00:00:00.000000,560,150.969,1,1,1,111
BT-11485,415.19599999999997,126.86939999999997,2,11,2015-12-27 00:00:00.000000,2016-03-11 00:00:00.000000,659,207.59799999999998,1,1,1,111
BT-11530,2684.492,409.4983,5,44,2014-05-21 00:00:00.000000,2017-09-30 00:00:00.000000,91,536.8984,2,1,3,213
BT-11680,3196.752,447.74839999999983,7,88,2014-11-28 00:00:00.000000,2017-12-10 00:00:00.000000,20,456.6788571428571,4,3,3,433
BV-11245,1523.2730000000001,315.2214,5,49,2015-03-26 00:00:00.000000,2017-01-30 00:00:00.000000,334,304.6546,1,1,2,112
BW-11065,385.516,-58.286599999999964,3,8,2014-05-25 00:00:00.000000,2017-06-01 00:00:00.000000,212,128.50533333333334,1,1,1,111
BW-11110,4750.358,921.2573999999995,8,74,2015-03-20 00:00:00.000000,2017-08-31 00:00:00.000000,121,593.79475,2,3,4,234
BW-11200,1738.406,246.99729999999997,6,49,2014-08-12 00:00:00.000000,2017-06-10 00:00:00.000000,203,289.7343333333333,1,2,2,122
CA-11965,3789.7228,1143.3817000000001,6,29,2014-01-26 00:00:00.000000,2017-09-25 00:00:00.000000,96,631.6204666666666,2,2,4,224
CA-12055,1679.7240000000002,211.25589999999994,5,49,2015-09-05 00:00:00.000000,2016-11-24 00:00:00.000000,401,335.94480000000004,1,1,2,112
CA-12265,2648.2872,279.61830000000003,9,65,2014-03-25 00:00:00.000000,2017-11-04 00:00:00.000000,56,294.25413333333336,3,4,3,343
CA-12310,1421.954,246.02179999999998,4,25,2014-07-19 00:00:00.000000,2017-12-17 00:00:00.000000,13,355.4885,4,1,2,412
CA-12775,3041.566,204.4895,7,72,2014-06-28 00:00:00.000000,2017-09-01 00:00:00.000000,120,434.50942857142854,2,3,3,233
CB-12025,6076.139,150.20889999999943,10,122,2014-03-21 00:00:00.000000,2017-11-13 00:00:00.000000,47,607.6139000000001,3,4,4,344
CB-12415,1949.1999999999998,272.3883,8,44,2015-11-05 00:00:00.000000,2017-12-04 00:00:00.000000,26,243.64999999999998,4,3,2,432
CB-12535,4246.4555,1049.5600999999997,8,74,2015-01-02 00:00:00.000000,2017-06-16 00:00:00.000000,197,530.8069375,1,3,4,134
CC-12100,1770.9450000000002,208.59119999999987,6,46,2014-12-16 00:00:00.000000,2016-09-29 00:00:00.000000,457,295.1575,1,2,2,122
CC-12145,2471.65,392.28249999999974,7,31,2014-07-20 00:00:00.000000,2017-09-15 00:00:00.000000,106,353.09285714285716,2,3,3,233
CC-12220,3913.4179999999997,393.9617999999999,12,81,2014-09-09 00:00:00.000000,2017-12-10 00:00:00.000000,20,326.11816666666664,4,4,4,444
CC-12370,12129.072,2177.0492999999988,5,34,2016-05-23 00:00:00.000000,2017-11-17 00:00:00.000000,43,2425.8144,3,1,4,314
CC-12430,2870.05,424.65829999999977,10,63,2015-09-06 00:00:00.000000,2017-12-30 00:00:00.000000,0,287.005,4,4,3,443
CC-12475,1659.438,154.85099999999989,9,40,2014-05-16 00:00:00.000000,2017-11-21 00:00:00.000000,39,184.382,3,4,2,342
CC-12550,113.832,33.87060000000001,3,14,2017-06-15 00:00:00.000000,2017-12-03 00:00:00.000000,27,37.943999999999996,4,1,1,411
CC-12610,2540.631,331.43399999999986,7,39,2014-08-27 00:00:00.000000,2017-11-26 00:00:00.000000,34,362.94728571428567,3,3,3,333
CC-12670,2269.7015,187.83989999999986,7,47,2014-12-23 00:00:00.000000,2017-12-01 00:00:00.000000,29,324.24307142857145,4,3,3,433
CC-12685,2854.1150000000002,850.1591000000001,4,51,2014-03-22 00:00:00.000000,2015-10-23 00:00:00.000000,799,713.5287500000001,1,1,3,113
CD-11920,2033.968,426.66100000000006,5,35,2014-03-24 00:00:00.000000,2017-11-20 00:00:00.000000,40,406.7936,3,1,2,312
CD-11980,639.766,-206.71720000000013,3,22,2016-11-24 00:00:00.000000,2017-11-06 00:00:00.000000,54,213.2553333333333,3,1,1,311
CD-12280,1205.584,233.0274,2,39,2017-11-05 00:00:00.000000,2017-11-18 00:00:00.000000,42,602.792,3,1,2,312
CD-12790,1860.732,403.8421999999999,5,49,2014-02-02 00:00:00.000000,2016-11-26 00:00:00.000000,399,372.14639999999997,1,1,2,112
CG-12040,904.4680000000001,86.51059999999997,6,37,2015-06-01 00:00:00.000000,2017-11-11 00:00:00.000000,49,150.7446666666667,3,2,1,321
CG-12520,1148.78,169.93439999999995,3,14,2015-10-15 00:00:00.000000,2017-01-26 00:00:00.000000,338,382.9266666666667,1,1,2,112
CH-12070,1537.236,195.15109999999981,3,13,2015-06-25 00:00:00.000000,2016-02-08 00:00:00.000000,691,512.412,1,1,2,112
CJ-11875,16.520000000000003,1.6519999999999992,1,5,2016-12-30 00:00:00.000000,2016-12-30 00:00:00.000000,365,16.520000000000003,1,1,1,111
CJ-12010,11164.974,858.7413999999995,8,83,2016-03-10 00:00:00.000000,2017-06-24 00:00:00.000000,189,1395.62175,1,3,4,134
CK-12205,3154.855,141.2831,13,122,2014-03-11 00:00:00.000000,2017-11-21 00:00:00.000000,39,242.68115384615385,3,4,3,343
CK-12325,2945.321,261.2208999999999,5,46,2014-03-14 00:00:00.000000,2017-09-01 00:00:00.000000,120,589.0642,2,1,3,213
CK-12595,2372.75,497.7097999999999,11,108,2014-12-26 00:00:00.000000,2017-11-17 00:00:00.000000,43,215.70454545454547,3,4,3,343
CK-12760,1582.109,-338.43110000000013,9,64,2014-02-07 00:00:00.000000,2017-10-09 00:00:00.000000,82,175.78988888888887,2,4,2,242
CL-11890,1262.0140000000001,328.08470000000005,4,24,2014-07-26 00:00:00.000000,2017-09-15 00:00:00.000000,106,315.50350000000003,2,1,2,212
CL-12565,10880.546,1933.7830999999994,12,106,2014-03-04 00:00:00.000000,2017-03-21 00:00:00.000000,284,906.7121666666667,1,4,4,144
CL-12700,2353.586,229.00989999999982,5,34,2016-04-24 00:00:00.000000,2017-09-16 00:00:00.000000,105,470.71719999999993,2,1,3,213
CM-11815,1673.8880000000001,214.46299999999997,6,38,2014-11-14 00:00:00.000000,2017-08-21 00:00:00.000000,131,278.98133333333334,2,2,2,222
CM-11935,565.3919999999999,-43.73239999999997,2,18,2015-09-24 00:00:00.000000,2016-01-22 00:00:00.000000,708,282.69599999999997,1,1,1,111
CM-12115,1661.6100000000001,409.0679,4,35,2015-03-29 00:00:00.000000,2017-12-22 00:00:00.000000,8,415.40250000000003,4,1,2,412
CM-12160,2533.314,-394.36860000000024,6,23,2016-10-21 00:00:00.000000,2017-12-04 00:00:00.000000,26,422.219,4,2,3,423
CM-12190,1475.144,91.20330000000001,6,21,2015-09-18 00:00:00.000000,2017-12-22 00:00:00.000000,8,245.85733333333334,4,2,2,422
CM-12235,2305.712,365.03869999999995,5,28,2016-05-01 00:00:00.000000,2016-12-10 00:00:00.000000,385,461.1424,1,1,3,113
CM-12385,8954.02,3899.8903999999998,4,34,2015-03-16 00:00:00.000000,2017-11-23 00:00:00.000000,37,2238.505,3,1,4,314
CM-12445,287.99,64.4296,3,32,2014-06-09 00:00:00.000000,2016-10-20 00:00:00.000000,436,95.99666666666667,1,1,1,111
CM-12655,6339.5576,1572.4585000000002,6,42,2015-03-19 00:00:00.000000,2017-12-03 00:00:00.000000,27,1056.5929333333333,4,2,4,424
CM-12715,3984.4524,176.31079999999972,4,57,2014-03-07 00:00:00.000000,2015-03-01 00:00:00.000000,1035,996.1131,1,1,4,114
CP-12085,5402.253999999999,427.02580000000006,8,57,2014-12-04 00:00:00.000000,2017-10-09 00:00:00.000000,82,675.2817499999999,2,3,4,234
CP-12340,5888.275000000001,-1850.3029000000001,8,59,2014-03-17 00:00:00.000000,2017-07-23 00:00:00.000000,160,736.0343750000001,2,3,4,234
CR-12580,2148.852,74.40130000000002,4,32,2016-04-18 00:00:00.000000,2017-11-03 00:00:00.000000,57,537.213,3,1,2,312
CR-12625,475.9000000000001,144.75939999999997,3,14,2014-06-01 00:00:00.000000,2016-09-16 00:00:00.000000,470,158.63333333333335,1,1,1,111
CR-12730,1600.55,306.9175999999999,4,18,2014-08-20 00:00:00.000000,2017-10-13 00:00:00.000000,78,400.1375,2,1,2,212
CR-12820,1397.8724,83.27029999999996,3,26,2015-01-24 00:00:00.000000,2017-10-06 00:00:00.000000,85,465.9574666666667,2,1,2,212
CS-11845,1278.9540000000002,185.37759999999986,5,22,2014-12-14 00:00:00.000000,2017-09-30 00:00:00.000000,91,255.79080000000005,2,1,2,212
CS-11860,537.6320000000001,105.82749999999999,6,16,2014-05-02 00:00:00.000000,2017-07-21 00:00:00.000000,162,89.60533333333335,2,2,1,221
CS-11950,3036.547,-126.42230000000013,11,68,2014-06-08 00:00:00.000000,2017-12-05 00:00:00.000000,25,276.0497272727273,4,4,3,443
CS-12130,884.6400000000001,143.83389999999997,4,28,2014-08-05 00:00:00.000000,2016-08-28 00:00:00.000000,489,221.16000000000003,1,1,1,111
CS-12175,844.4580000000001,113.14049999999996,5,30,2014-08-12 00:00:00.000000,2017-05-12 00:00:00.000000,232,168.8916,1,1,1,111
CS-12250,2754.216,738.3625999999999,12,97,2014-01-13 00:00:00.000000,2017-12-04 00:00:00.000000,26,229.518,4,4,3,443
CS-12355,3202.1620000000003,831.9431999999999,11,74,2014-08-15 00:00:00.000000,2017-12-24 00:00:00.000000,6,291.1056363636364,4,4,3,443
CS-12400,3651.8585000000003,-342.80330000000015,9,47,2014-09-26 00:00:00.000000,2017-12-28 00:00:00.000000,2,405.7620555555556,4,4,3,443
CS-12460,550.644,156.25929999999997,2,13,2017-07-03 00:00:00.000000,2017-12-03 00:00:00.000000,27,275.322,4,1,1,411
CS-12490,1077.2285000000002,-302.8761000000001,4,33,2015-01-12 00:00:00.000000,2016-11-01 00:00:00.000000,424,269.30712500000004,1,1,1,111
CS-12505,5690.055,-6626.389500000001,6,40,2014-03-26 00:00:00.000000,2017-11-02 00:00:00.000000,58,948.3425000000001,3,2,4,324
CT-11995,3241.898,161.22629999999978,8,60,2014-05-07 00:00:00.000000,2017-09-25 00:00:00.000000,96,405.23725,2,3,3,233
CV-12295,2830.628,493.0861,5,54,2014-03-28 00:00:00.000000,2017-04-20 00:00:00.000000,254,566.1256000000001,1,1,3,113
CV-12805,2370.3136,98.99749999999982,9,62,2016-05-09 00:00:00.000000,2017-12-25 00:00:00.000000,5,263.36817777777776,4,4,3,443
CW-11905,1136.592,370.8298,6,40,2014-06-09 00:00:00.000000,2017-12-08 00:00:00.000000,22,189.43200000000002,4,2,1,421
CY-12745,2900.0260000000003,60.64669999999981,8,43,2014-12-12 00:00:00.000000,2017-10-31 00:00:00.000000,60,362.50325000000004,3,3,3,333
Co-12640,1300.076,205.62820000000002,5,30,2014-06-20 00:00:00.000000,2016-06-29 00:00:00.000000,549,260.0152,1,1,2,112
DA-13450,156.76,56.7904,4,27,2014-04-25 00:00:00.000000,2017-01-12 00:00:00.000000,352,39.19,1,1,1,111
DB-12910,2171.599,431.3747999999999,8,47,2014-10-24 00:00:00.000000,2017-12-09 00:00:00.000000,21,271.449875,4,3,2,432
DB-12970,2839.2272,213.00289999999984,5,43,2014-11-12 00:00:00.000000,2017-05-03 00:00:00.000000,241,567.8454399999999,1,1,3,113
DB-13060,4531.646000000001,473.0272,7,48,2014-03-01 00:00:00.000000,2017-12-14 00:00:00.000000,16,647.378,4,3,4,434
DB-13120,2973.094,-1421.7692000000002,7,59,2015-05-01 00:00:00.000000,2017-11-12 00:00:00.000000,48,424.7277142857143,3,3,3,333
DB-13210,2332.5769999999998,169.9679,10,75,2015-03-22 00:00:00.000000,2017-12-21 00:00:00.000000,9,233.25769999999997,4,4,3,443
DB-13270,4655.897,841.8263999999999,8,52,2014-02-04 00:00:00.000000,2017-11-07 00:00:00.000000,53,581.987125,3,3,4,334
DB-13360,1081.4660000000001,291.00849999999997,5,28,2014-11-19 00:00:00.000000,2017-04-10 00:00:00.000000,264,216.2932,1,1,1,111
DB-13405,1711.692,438.9091999999999,4,62,2015-08-08 00:00:00.000000,2017-06-26 00:00:00.000000,187,427.923,1,1,2,112
DB-13555,3908.8028,109.32699999999997,7,61,2014-04-21 00:00:00.000000,2017-09-14 00:00:00.000000,107,558.4004,2,3,4,234
DB-13615,1989.05,438.8012,7,41,2014-09-30 00:00:00.000000,2017-11-27 00:00:00.000000,33,284.15,3,3,2,332
DB-13660,1155.202,177.6735,7,33,2014-06-17 00:00:00.000000,2017-12-18 00:00:00.000000,12,165.02885714285713,4,3,2,432
DC-12850,3336.1680000000006,-1441.6312999999998,9,64,2014-07-05 00:00:00.000000,2017-11-23 00:00:00.000000,37,370.6853333333334,3,4,3,343
DC-13285,1174.618,132.06820000000002,5,37,2014-12-29 00:00:00.000000,2017-12-07 00:00:00.000000,23,234.9236,4,1,2,412
DD-13570,269.54200000000003,36.4344,6,33,2014-03-31 00:00:00.000000,2017-11-19 00:00:00.000000,41,44.92366666666667,3,2,1,321
DE-13255,2550.874,464.47140000000013,5,38,2014-08-22 00:00:00.000000,2016-01-11 00:00:00.000000,719,510.17479999999995,1,1,3,113
DF-13135,2390.534,-259.30969999999996,3,23,2014-10-04 00:00:00.000000,2016-01-30 00:00:00.000000,700,796.8446666666667,1,1,3,113
DG-13300,3195.818,562.7761,5,39,2014-11-01 00:00:00.000000,2017-11-28 00:00:00.000000,32,639.1636000000001,3,1,3,313
DH-13075,4932.872,1193.7403999999997,6,81,2014-11-21 00:00:00.000000,2017-03-28 00:00:00.000000,277,822.1453333333334,1,2,4,124
DH-13675,1043.096,116.667,4,41,2014-08-12 00:00:00.000000,2015-11-15 00:00:00.000000,776,260.774,1,1,1,111
DJ-13420,2012.52,483.03499999999997,4,20,2014-12-08 00:00:00.000000,2016-04-02 00:00:00.000000,637,503.13,1,1,2,112
DJ-13510,2501.688,345.2520999999999,8,52,2014-08-17 00:00:00.000000,2017-11-12 00:00:00.000000,48,312.711,3,3,3,333
DJ-13630,3356.3979999999997,731.5643999999999,3,43,2015-12-14 00:00:00.000000,2017-12-18 00:00:00.000000,12,1118.7993333333332,4,1,3,413
DK-12835,3256.48,881.1228,12,86,2014-03-26 00:00:00.000000,2017-12-09 00:00:00.000000,21,271.37333333333333,4,4,3,443
DK-12895,4282.176,937.6496,5,65,2015-03-08 00:00:00.000000,2017-11-15 00:00:00.000000,45,856.4352000000001,3,1,4,314
DK-12985,1687.04,-107.35379999999995,5,32,2014-11-24 00:00:00.000000,2017-12-23 00:00:00.000000,7,337.408,4,1,2,412
DK-13090,2650.557,536.3934999999999,7,33,2015-03-02 00:00:00.000000,2017-11-18 00:00:00.000000,42,378.65099999999995,3,3,3,333
DK-13150,797.832,249.9447,2,20,2014-12-05 00:00:00.000000,2017-12-20 00:00:00.000000,10,398.916,4,1,1,411
DK-13225,4802.394,209.89940000000013,9,70,2014-03-14 00:00:00.000000,2017-12-20 00:00:00.000000,10,533.5993333333333,4,4,4,444
DK-13375,3318.486,377.07989999999995,8,77,2014-09-07 00:00:00.000000,2017-12-11 00:00:00.000000,19,414.81075,4,3,3,433
DL-12865,1503.112,322.2448999999999,8,51,2014-06-29 00:00:00.000000,2017-09-21 00:00:00.000000,100,187.889,2,3,2,232
DL-12925,3272.2,4.213200000000029,6,43,2014-09-09 00:00:00.000000,2017-11-03 00:00:00.000000,57,545.3666666666667,3,2,3,323
DL-13315,1458.258,288.8732,8,74,2014-01-16 00:00:00.000000,2017-12-08 00:00:00.000000,22,182.28225,4,3,2,432
DL-13330,585.02,222.68120000000005,4,32,2014-06-23 00:00:00.000000,2017-11-03 00:00:00.000000,57,146.255,3,1,1,311
DL-13495,3539.322,-52.78800000000001,8,33,2015-12-25 00:00:00.000000,2017-10-15 00:00:00.000000,76,442.41525,2,3,3,233
DM-12955,1322.034,108.75829999999999,7,28,2014-09-30 00:00:00.000000,2017-09-07 00:00:00.000000,114,188.86200000000002,2,3,2,232
DM-13015,6345.103,1677.3931,7,87,2014-09-14 00:00:00.000000,2017-11-03 00:00:00.000000,57,906.4432857142857,3,3,4,334
DM-13345,4074.4720000000007,1319.0585999999998,8,41,2014-11-03 00:00:00.000000,2017-12-08 00:00:00.000000,22,509.3090000000001,4,3,4,434
DM-13525,1376.792,199.7688,3,33,2014-07-05 00:00:00.000000,2016-09-05 00:00:00.000000,481,458.93066666666664,1,1,2,112
DN-13690,2139.79,540.5405,7,41,2014-09-20 00:00:00.000000,2017-05-27 00:00:00.000000,217,305.6842857142857,1,3,2,132
DO-13435,1300.0315,-38.90859999999999,9,48,2014-10-03 00:00:00.000000,2017-08-19 00:00:00.000000,133,144.44794444444446,2,4,2,242
DO-13645,1267.316,294.06759999999997,7,36,2015-11-07 00:00:00.000000,2017-12-04 00:00:00.000000,26,181.04514285714285,4,3,2,432
DP-13000,1050.636,241.45239999999998,9,58,2014-01-03 00:00:00.000000,2017-08-26 00:00:00.000000,126,116.73733333333332,2,4,1,241
DP-13105,2215.0020000000004,563.1761,8,63,2015-08-22 00:00:00.000000,2017-12-24 00:00:00.000000,6,276.87525000000005,4,3,2,432
DP-13165,1058.616,-40.93760000000006,2,20,2014-12-02 00:00:00.000000,2015-10-10 00:00:00.000000,812,529.308,1,1,1,111
DP-13390,5480.724,1571.8317999999997,9,50,2014-07-05 00:00:00.000000,2017-01-06 00:00:00.000000,358,608.9693333333333,1,4,4,144
DR-12880,6528.034000000001,1641.8612999999998,9,103,2015-09-25 00:00:00.000000,2017-12-27 00:00:00.000000,3,725.3371111111112,4,4,4,444
DR-12940,8350.868,2869.0759999999996,8,57,2014-03-28 00:00:00.000000,2017-11-10 00:00:00.000000,50,1043.8585,3,3,4,334
DS-13030,1762.213,193.33190000000002,4,54,2014-07-09 00:00:00.000000,2017-09-28 00:00:00.000000,93,440.55325,2,1,2,212
DS-13180,2881.8128,163.69929999999994,9,68,2014-04-28 00:00:00.000000,2017-12-07 00:00:00.000000,23,320.2014222222222,4,4,3,443
DV-13045,1119.4830000000002,-427.1840000000001,5,28,2016-06-12 00:00:00.000000,2017-12-11 00:00:00.000000,19,223.89660000000003,4,1,1,411
DV-13465,3341.5870000000004,353.21269999999987,6,62,2014-06-22 00:00:00.000000,2017-12-01 00:00:00.000000,29,556.9311666666667,4,2,3,423
DW-13195,1080.751,-86.87379999999997,6,39,2014-01-18 00:00:00.000000,2017-10-22 00:00:00.000000,69,180.12516666666667,3,2,1,321
DW-13480,5271.628000000001,1348.7555999999997,5,38,2014-06-01 00:00:00.000000,2017-05-27 00:00:00.000000,217,1054.3256000000001,1,1,4,114
DW-13540,344.08000000000004,69.66720000000001,5,21,2016-02-27 00:00:00.000000,2017-09-23 00:00:00.000000,98,68.816,2,1,1,211
DW-13585,1204.854,-266.89660000000003,7,44,2014-08-24 00:00:00.000000,2017-05-02 00:00:00.000000,242,172.122,1,3,2,132
Dl-13600,755.602,175.23879999999997,5,19,2014-03-30 00:00:00.000000,2017-09-02 00:00:00.000000,119,151.1204,2,1,1,211
Dp-13240,7198.7609999999995,333.36479999999983,11,99,2014-05-26 00:00:00.000000,2017-10-07 00:00:00.000000,84,654.4328181818181,2,4,4,244
EA-14035,2846.705,-52.74060000000006,13,87,2014-09-13 00:00:00.000000,2017-07-31 00:00:00.000000,152,218.97730769230768,2,4,3,243
EB-13705,3644.978,13.621499999999905,9,55,2014-07-08 00:00:00.000000,2017-11-12 00:00:00.000000,48,404.99755555555555,3,4,3,343
EB-13750,3236.314,-80.286,10,91,2015-03-12 00:00:00.000000,2017-11-25 00:00:00.000000,35,323.6314,3,4,3,343
EB-13840,4358.128,656.1988,5,41,2014-05-30 00:00:00.000000,2017-10-01 00:00:00.000000,90,871.6256,2,1,4,214
EB-13870,2767.219,261.53149999999994,10,41,2014-05-05 00:00:00.000000,2017-09-21 00:00:00.000000,100,276.7219,2,4,3,243
EB-13930,944.6,0.6042000000000165,5,24,2014-02-02 00:00:00.000000,2017-07-22 00:00:00.000000,161,188.92000000000002,2,1,1,211
EB-13975,1643.255,162.8780999999999,4,18,2016-01-04 00:00:00.000000,2017-12-30 00:00:00.000000,0,410.81375,4,1,2,412
EB-14110,3071.1259999999997,184.76559999999995,6,30,2015-04-13 00:00:00.000000,2017-09-08 00:00:00.000000,113,511.8543333333333,2,2,3,223
EB-14170,1186.326,282.17010000000005,6,20,2014-09-29 00:00:00.000000,2017-10-09 00:00:00.000000,82,197.721,2,2,2,222
EC-14050,461.914,96.42559999999997,5,37,2014-12-17 00:00:00.000000,2017-11-07 00:00:00.000000,53,92.3828,3,1,1,311
ED-13885,3484.92,670.4434999999997,8,54,2014-08-09 00:00:00.000000,2017-08-17 00:00:00.000000,135,435.615,2,3,3,233
EG-13900,1832.02,104.26559999999994,5,44,2015-11-02 00:00:00.000000,2017-12-08 00:00:00.000000,22,366.404,4,1,2,412
EH-13765,10310.880000000001,1393.5153999999995,12,120,2014-04-12 00:00:00.000000,2017-08-17 00:00:00.000000,135,859.2400000000001,2,4,4,244
EH-13945,684.171,53.539799999999964,8,72,2014-07-02 00:00:00.000000,2017-05-27 00:00:00.000000,217,85.521375,1,3,1,131
EH-13990,825.95,150.37590000000003,6,20,2014-01-15 00:00:00.000000,2016-11-20 00:00:00.000000,405,137.65833333333333,1,2,1,121
EH-14005,1219.5300000000002,-94.14079999999993,7,50,2014-05-13 00:00:00.000000,2017-12-28 00:00:00.000000,2,174.21857142857147,4,3,2,432
EH-14125,3082.6530000000002,96.27019999999993,10,76,2014-10-19 00:00:00.000000,2017-07-31 00:00:00.000000,152,308.2653,2,4,3,243
EH-14185,923.8839999999999,242.11069999999995,6,22,2014-05-22 00:00:00.000000,2017-09-16 00:00:00.000000,105,153.98066666666665,2,2,1,221
EJ-13720,2162.174,387.0176,4,31,2014-01-27 00:00:00.000000,2017-03-03 00:00:00.000000,302,540.5435,1,1,2,112
EJ-14155,2656.691,451.8754999999999,5,31,2014-03-03 00:00:00.000000,2017-11-03 00:00:00.000000,57,531.3381999999999,3,1,3,313
EK-13795,1303.478,97.10660000000001,4,18,2014-03-18 00:00:00.000000,2017-11-16 00:00:00.000000,44,325.8695,3,1,2,312
EL-13735,124.28,27.115399999999994,2,9,2016-04-22 00:00:00.000000,2017-10-14 00:00:00.000000,77,62.14,2,1,1,211
EM-13810,2567.01,-133.82750000000033,5,23,2015-06-07 00:00:00.000000,2017-08-20 00:00:00.000000,132,513.402,2,1,3,213
EM-13825,2339.598,682.5541999999999,8,57,2014-12-02 00:00:00.000000,2017-11-05 00:00:00.000000,55,292.44975,3,3,3,333
EM-13960,933.7040000000001,102.29600000000002,5,18,2015-10-01 00:00:00.000000,2017-08-01 00:00:00.000000,151,186.7408,2,1,1,211
EM-14065,228.99,40.154599999999995,4,22,2014-07-22 00:00:00.000000,2017-11-13 00:00:00.000000,47,57.2475,3,1,1,311
EM-14095,1041.0420000000001,240.23619999999994,4,34,2015-08-07 00:00:00.000000,2017-09-08 00:00:00.000000,113,260.26050000000004,2,1,1,211
EM-14140,4588.436,1319.3654999999999,6,74,2014-07-19 00:00:00.000000,2017-11-12 00:00:00.000000,48,764.7393333333333,3,2,4,324
EM-14200,366.822,21.77209999999996,3,13,2015-12-20 00:00:00.000000,2017-07-25 00:00:00.000000,158,122.274,2,1,1,211
EN-13780,2199.366,496.1130999999999,4,27,2015-05-30 00:00:00.000000,2017-03-18 00:00:00.000000,287,549.8415,1,1,2,112
EP-13915,5478.0608,144.9577999999999,17,124,2014-07-06 00:00:00.000000,2017-12-18 00:00:00.000000,12,322.23887058823533,4,4,4,444
ER-13855,1245.7880000000002,-295.7398000000002,3,27,2015-12-21 00:00:00.000000,2016-11-04 00:00:00.000000,421,415.26266666666675,1,1,2,112
ES-14020,3510.458,1003.2935,5,31,2014-09-20 00:00:00.000000,2017-11-20 00:00:00.000000,40,702.0916,3,1,3,313
ES-14080,4657.924,246.66609999999991,9,77,2014-10-02 00:00:00.000000,2017-12-02 00:00:00.000000,28,517.5471111111111,4,4,4,444
FA-14230,2984.054,520.5229,7,58,2014-09-19 00:00:00.000000,2017-09-24 00:00:00.000000,97,426.2934285714286,2,3,3,233
FC-14245,3418.742,1217.1662000000001,7,50,2015-06-13 00:00:00.000000,2017-10-21 00:00:00.000000,70,488.39171428571433,3,3,3,333
FC-14335,3889.366,714.2925999999999,7,37,2014-10-10 00:00:00.000000,2017-06-29 00:00:00.000000,184,555.6237142857143,1,3,4,134
FG-14260,1383.144,394.73969999999997,7,48,2014-05-21 00:00:00.000000,2017-11-26 00:00:00.000000,34,197.592,3,3,2,332
FH-14275,4256.272,1073.2676,10,65,2014-04-06 00:00:00.000000,2017-11-23 00:00:00.000000,37,425.6272,3,4,4,344
FH-14350,2271.284,706.289,4,52,2015-08-23 00:00:00.000000,2017-06-01 00:00:00.000000,212,567.821,1,1,3,113
FH-14365,6987.196000000001,2050.2825999999995,8,52,2014-10-20 00:00:00.000000,2017-12-25 00:00:00.000000,5,873.3995000000001,4,3,4,434
FM-14215,2456.638,249.68080000000003,10,48,2014-03-11 00:00:00.000000,2017-12-23 00:00:00.000000,7,245.66379999999998,4,4,3,443
FM-14290,3736.1979999999994,198.10949999999985,9,79,2014-08-26 00:00:00.000000,2017-11-24 00:00:00.000000,36,415.133111111111,3,4,3,343
FM-14380,2523.266,191.4898,9,53,2015-07-12 00:00:00.000000,2017-08-07 00:00:00.000000,145,280.3628888888889,2,4,3,243
FO-14305,2678.438,215.59689999999978,10,60,2014-06-09 00:00:00.000000,2017-11-22 00:00:00.000000,38,267.8438,3,4,3,343
FP-14320,4046.746,406.44729999999976,8,54,2014-12-07 00:00:00.000000,2017-12-07 00:00:00.000000,23,505.84325,4,3,4,434
FW-14395,79.75,23.491300000000003,3,9,2015-03-22 00:00:00.000000,2017-01-02 00:00:00.000000,362,26.583333333333332,1,1,1,111
GA-14515,3919.7760000000003,840.8989999999998,8,48,2014-05-18 00:00:00.000000,2017-08-03 00:00:00.000000,149,489.97200000000004,2,3,4,234
GA-14725,1398.382,136.7079,11,79,2014-02-11 00:00:00.000000,2017-12-25 00:00:00.000000,5,127.12563636363637,4,4,2,442
GB-14530,1568.44,7.837099999999959,11,62,2014-04-28 00:00:00.000000,2017-10-29 00:00:00.000000,62,142.58545454545455,3,4,2,342
GB-14575,4716.288,1135.8392999999999,5,63,2015-06-12 00:00:00.000000,2017-12-17 00:00:00.000000,13,943.2575999999999,4,1,4,414
GD-14590,1888.07,230.93729999999994,4,25,2014-05-05 00:00:00.000000,2017-12-25 00:00:00.000000,5,472.0175,4,1,2,412
GG-14650,2224.0,12.69849999999991,9,92,2014-10-31 00:00:00.000000,2017-11-17 00:00:00.000000,43,247.11111111111111,3,4,2,342
GH-14410,2819.467,-576.8335000000001,9,65,2014-07-09 00:00:00.000000,2017-10-16 00:00:00.000000,75,313.2741111111111,3,4,3,343
GH-14425,4172.8460000000005,1176.4180999999999,4,51,2014-06-17 00:00:00.000000,2017-11-10 00:00:00.000000,50,1043.2115000000001,3,1,4,314
GH-14485,1361.2440000000004,-95.44980000000012,2,15,2015-10-08 00:00:00.000000,2016-12-08 00:00:00.000000,387,680.6220000000002,1,1,2,112
GH-14665,146.9408,-5.810199999999995,2,9,2015-11-17 00:00:00.000000,2017-12-28 00:00:00.000000,2,73.4704,4,1,1,411
GK-14620,6497.27,1448.5525000000002,9,66,2014-06-25 00:00:00.000000,2017-09-09 00:00:00.000000,112,721.9188888888889,2,4,4,244
GM-14440,3582.8199999999997,347.2659999999999,7,43,2014-03-21 00:00:00.000000,2017-10-08 00:00:00.000000,83,511.83142857142855,2,3,3,233
GM-14455,3078.6240000000003,793.2813999999998,6,54,2014-04-11 00:00:00.000000,2017-12-14 00:00:00.000000,16,513.104,4,2,3,423
GM-14500,1255.682,441.3184999999999,10,53,2014-08-09 00:00:00.000000,2017-09-15 00:00:00.000000,106,125.5682,2,4,2,242
GM-14680,3163.628,35.48649999999999,6,31,2014-05-10 00:00:00.000000,2017-07-31 00:00:00.000000,152,527.2713333333334,2,2,3,223
GM-14695,6049.965999999999,188.7235,3,44,2014-04-05 00:00:00.000000,2017-09-04 00:00:00.000000,117,2016.6553333333331,2,1,4,214
GP-14740,236.53000000000003,31.837600000000002,2,21,2014-04-06 00:00:00.000000,2015-11-26 00:00:00.000000,765,118.26500000000001,1,1,1,111
GR-14560,1284.3799999999999,359.83320000000003,2,23,2014-11-19 00:00:00.000000,2014-11-21 00:00:00.000000,1135,642.1899999999999,1,1,2,112
GT-14635,9351.212,-4108.6588999999985,3,26,2014-06-06 00:00:00.000000,2017-11-04 00:00:00.000000,56,3117.0706666666665,3,1,4,314
GT-14710,11820.12,2163.4268999999995,11,106,2014-05-23 00:00:00.000000,2017-11-24 00:00:00.000000,36,1074.5563636363638,3,4,4,344
GT-14755,226.436,-6.139200000000022,4,23,2015-02-18 00:00:00.000000,2017-11-26 00:00:00.000000,34,56.609,3,1,1,311
GW-14605,2189.019,-268.54230000000007,7,43,2014-03-01 00:00:00.000000,2017-12-02 00:00:00.000000,28,312.717,4,3,2,432
GZ-14470,4355.15,1087.7539,9,48,2014-08-05 00:00:00.000000,2017-12-23 00:00:00.000000,7,483.9055555555555,4,4,4,444
GZ-14545,2454.622,828.6610000000001,4,25,2014-09-28 00:00:00.000000,2017-07-26 00:00:00.000000,157,613.6555,2,1,3,213
HA-14905,2163.3,270.8574000000001,7,45,2014-06-30 00:00:00.000000,2017-10-22 00:00:00.000000,69,309.04285714285714,3,3,2,332
HA-14920,2584.158,99.14449999999988,8,72,2014-10-11 00:00:00.000000,2017-12-10 00:00:00.000000,20,323.01975,4,3,3,433
HD-14785,251.35999999999999,-135.8760000000001,3,31,2014-05-11 00:00:00.000000,2015-11-22 00:00:00.000000,769,83.78666666666666,1,1,1,111
HE-14800,883.5319999999999,274.40279999999996,4,44,2016-01-30 00:00:00.000000,2017-12-18 00:00:00.000000,12,220.88299999999998,4,1,1,411
HF-14995,2533.164,-13.876800000000088,7,70,2014-05-26 00:00:00.000000,2017-12-09 00:00:00.000000,21,361.88057142857144,4,3,3,433
HG-14845,785.628,147.0032,5,31,2014-04-29 00:00:00.000000,2017-11-06 00:00:00.000000,54,157.12560000000002,3,1,1,311
HG-14965,3247.642,-2797.9635000000007,12,68,2014-09-20 00:00:00.000000,2017-12-07 00:00:00.000000,23,270.6368333333333,4,4,3,443
HG-15025,3690.284,804.6112999999999,7,38,2014-10-14 00:00:00.000000,2017-12-24 00:00:00.000000,6,527.1834285714286,4,3,3,433
HH-15010,218.668,86.7342,2,20,2014-08-29 00:00:00.000000,2017-10-19 00:00:00.000000,72,109.334,3,1,1,311
HJ-14875,358.1,98.6548,5,21,2015-04-13 00:00:00.000000,2017-08-26 00:00:00.000000,126,71.62,2,1,1,211
HK-14890,4877.784,956.9451000000001,8,64,2014-06-10 00:00:00.000000,2017-08-01 00:00:00.000000,151,609.723,2,3,4,234
HL-15040,12873.297999999999,5622.4292000000005,6,50,2014-01-20 00:00:00.000000,2017-11-17 00:00:00.000000,43,2145.5496666666663,3,2,4,324
HM-14860,8236.7648,2437.9836,10,76,2014-07-21 00:00:00.000000,2017-12-28 00:00:00.000000,2,823.6764800000001,4,4,4,444
HM-14980,736.2760000000001,117.27550000000002,4,29,2015-10-02 00:00:00.000000,2017-04-27 00:00:00.000000,247,184.06900000000002,1,1,1,111
HP-14815,1990.3139999999999,373.8636999999998,7,44,2014-05-06 00:00:00.000000,2017-11-30 00:00:00.000000,30,284.33057142857143,4,3,2,432
HR-14770,1299.288,185.5794,5,38,2014-03-01 00:00:00.000000,2017-12-17 00:00:00.000000,13,259.8576,4,1,2,412
HR-14830,5248.787,1196.9504,7,51,2014-11-24 00:00:00.000000,2017-07-24 00:00:00.000000,159,749.8267142857143,2,3,4,234
HW-14935,9300.254,2164.1611000000003,8,85,2015-09-27 00:00:00.000000,2017-09-04 00:00:00.000000,117,1162.53175,2,3,4,234
HZ-14950,886.52,-130.38789999999995,5,21,2016-03-14 00:00:00.000000,2017-11-25 00:00:00.000000,35,177.304,3,1,1,311
IG-15085,744.5740000000001,320.4982,4,19,2014-10-18 00:00:00.000000,2017-10-20 00:00:00.000000,71,186.14350000000002,3,1,1,311
IL-15100,5040.736000000001,1121.937,7,60,2014-08-01 00:00:00.000000,2017-08-10 00:00:00.000000,142,720.1051428571429,2,3,4,234
IM-15055,2872.6300000000006,975.7700999999998,3,19,2014-01-23 00:00:00.000000,2016-11-16 00:00:00.000000,409,957.5433333333335,1,1,3,113
IM-15070,4930.474,514.6527,7,93,2014-12-19 00:00:00.000000,2016-12-05 00:00:00.000000,390,704.3534285714286,1,3,4,134
JA-15970,6491.026000000001,-819.4217000000001,8,87,2014-09-17 00:00:00.000000,2017-09-29 00:00:00.000000,92,811.3782500000001,2,3,4,234
JB-15400,1791.605,156.05319999999983,10,43,2014-09-14 00:00:00.000000,2017-12-23 00:00:00.000000,7,179.1605,4,4,2,442
JB-15925,900.5520000000001,-286.98080000000004,3,32,2014-12-05 00:00:00.000000,2015-12-24 00:00:00.000000,737,300.184,1,1,1,111
JB-16000,644.1188,126.76489999999997,7,32,2016-01-10 00:00:00.000000,2017-11-17 00:00:00.000000,43,92.01697142857142,3,3,1,331
JB-16045,2518.115,201.5185,5,32,2015-05-03 00:00:00.000000,2017-12-23 00:00:00.000000,7,503.62299999999993,4,1,3,413
JC-15340,71.263,-0.35560000000000036,4,12,2014-01-28 00:00:00.000000,2017-09-07 00:00:00.000000,114,17.81575,2,1,1,211
JC-15385,1058.1080000000002,502.92440000000005,1,14,2017-07-08 00:00:00.000000,2017-07-08 00:00:00.000000,175,1058.1080000000002,2,1,1,211
JC-15775,2772.0550000000003,279.5692,9,64,2014-09-14 00:00:00.000000,2017-07-25 00:00:00.000000,158,308.0061111111111,2,4,3,243
JC-16105,858.576,201.59519999999992,5,43,2014-11-18 00:00:00.000000,2017-11-03 00:00:00.000000,57,171.7152,3,1,1,311
JD-15790,2152.352,-266.5525,5,26,2015-04-02 00:00:00.000000,2017-09-04 00:00:00.000000,117,430.4704,2,1,2,212
JD-15895,7610.864,1050.2667999999999,11,150,2014-03-26 00:00:00.000000,2016-12-01 00:00:00.000000,394,691.8967272727273,1,4,4,144
JD-16015,385.43000000000006,26.760499999999983,6,39,2014-10-04 00:00:00.000000,2017-09-09 00:00:00.000000,112,64.23833333333334,2,2,1,221
JD-16060,695.442,111.11409999999998,3,17,2014-09-24 00:00:00.000000,2017-03-05 00:00:00.000000,300,231.814,1,1,1,111
JD-16150,8828.030499999999,1619.5198999999996,8,60,2014-11-16 00:00:00.000000,2017-11-19 00:00:00.000000,41,1103.5038124999999,3,3,4,334
JE-15475,1388.682,276.21969999999993,6,49,2015-03-16 00:00:00.000000,2017-06-20 00:00:00.000000,193,231.447,1,2,2,122
JE-15610,7754.976,1623.4018999999998,7,74,2014-10-14 00:00:00.000000,2017-11-12 00:00:00.000000,48,1107.8537142857142,3,3,4,334
JE-15715,8697.843,1262.2925999999993,10,97,2014-08-25 00:00:00.000000,2017-11-14 00:00:00.000000,46,869.7843,3,4,4,344
JE-15745,6760.8150000000005,221.79670000000016,13,90,2014-06-22 00:00:00.000000,2017-11-09 00:00:00.000000,51,520.0626923076924,3,4,4,344
JE-16165,2697.248,789.6475999999999,3,34,2016-12-05 00:00:00.000000,2017-12-10 00:00:00.000000,20,899.0826666666667,4,1,3,413
JF-15190,2279.5860000000002,575.1259,7,72,2014-11-15 00:00:00.000000,2017-10-26 00:00:00.000000,65,325.6551428571429,3,3,3,333
JF-15295,955.124,97.28899999999994,5,42,2014-03-14 00:00:00.000000,2017-05-19 00:00:00.000000,225,191.0248,1,1,1,111
JF-15355,1911.844,330.199,6,58,2015-10-23 00:00:00.000000,2017-09-16 00:00:00.000000,105,318.6406666666667,2,2,2,222
JF-15415,2371.448,635.6375999999999,6,69,2014-06-17 00:00:00.000000,2017-12-28 00:00:00.000000,2,395.24133333333333,4,2,3,423
JF-15490,1082.9180000000001,-18.067299999999978,11,36,2014-10-19 00:00:00.000000,2017-08-31 00:00:00.000000,121,98.44709090909092,2,4,1,241
JF-15565,4198.332,1073.2087999999999,8,67,2014-10-11 00:00:00.000000,2017-11-06 00:00:00.000000,54,524.7915,3,3,4,334
JG-15115,2358.676,684.1911,3,20,2014-09-21 00:00:00.000000,2015-12-03 00:00:00.000000,758,786.2253333333333,1,1,3,113
JG-15160,6366.392,1415.6663999999998,11,70,2014-05-30 00:00:00.000000,2017-12-29 00:00:00.000000,1,578.762909090909,4,4,4,444
JG-15310,2240.58,3.7975999999999246,6,46,2016-03-03 00:00:00.000000,2017-12-28 00:00:00.000000,2,373.43,4,2,2,422
JG-15805,1507.018,206.10190000000003,6,46,2014-04-05 00:00:00.000000,2017-05-21 00:00:00.000000,223,251.16966666666667,1,2,2,122
JH-15430,309.281,-24.077099999999998,4,29,2014-02-24 00:00:00.000000,2017-12-25 00:00:00.000000,5,77.32025,4,1,1,411
JH-15820,528.91,26.082199999999997,6,29,2014-05-19 00:00:00.000000,2017-07-09 00:00:00.000000,174,88.15166666666666,2,2,1,221
JH-15910,959.477,-13.554500000000054,7,35,2015-06-12 00:00:00.000000,2017-11-19 00:00:00.000000,41,137.06814285714285,3,3,1,331
JH-15985,7954.9980000000005,-644.6982000000003,6,64,2014-08-09 00:00:00.000000,2017-12-01 00:00:00.000000,29,1325.833,4,2,4,424
JH-16180,2256.3940000000002,-96.95299999999999,4,28,2015-05-25 00:00:00.000000,2016-11-21 00:00:00.000000,404,564.0985000000001,1,1,2,112
JJ-15445,709.178,200.55579999999998,5,25,2015-03-05 00:00:00.000000,2016-09-03 00:00:00.000000,483,141.8356,1,1,1,111
JJ-15760,195.0,34.449200000000005,2,11,2015-10-05 00:00:00.000000,2015-12-08 00:00:00.000000,753,97.5,1,1,1,111
JK-15205,4427.142,1219.9829999999997,5,67,2014-07-11 00:00:00.000000,2017-10-30 00:00:00.000000,61,885.4284,3,1,4,314
JK-15325,383.812,55.32770000000001,3,15,2014-11-21 00:00:00.000000,2017-03-18 00:00:00.000000,287,127.93733333333334,1,1,1,111
JK-15370,2709.632,330.28379999999987,8,72,2014-04-11 00:00:00.000000,2017-11-16 00:00:00.000000,44,338.704,3,3,3,333
JK-15625,3760.028,750.9484999999999,7,44,2014-05-31 00:00:00.000000,2017-10-30 00:00:00.000000,61,537.1468571428571,3,3,3,333
JK-15640,4760.434,1172.5303000000001,9,41,2014-09-19 00:00:00.000000,2017-07-03 00:00:00.000000,180,528.9371111111111,2,4,4,244
JK-15730,4867.2,55.048299999999976,10,88,2014-11-18 00:00:00.000000,2017-10-07 00:00:00.000000,84,486.71999999999997,2,4,4,244
JK-16090,3747.668,586.6624999999998,3,43,2015-04-21 00:00:00.000000,2017-12-02 00:00:00.000000,28,1249.2226666666668,4,1,3,413
JK-16120,2932.484,122.6566,10,49,2014-11-02 00:00:00.000000,2017-09-04 00:00:00.000000,117,293.2484,2,4,3,243
JL-15130,1214.956,-207.7956,6,42,2014-07-18 00:00:00.000000,2017-12-22 00:00:00.000000,8,202.49266666666665,4,2,2,422
JL-15175,1571.5230000000001,209.28169999999983,5,29,2014-12-31 00:00:00.000000,2017-12-24 00:00:00.000000,6,314.30460000000005,4,1,2,412
JL-15235,2203.7000000000003,54.517399999999846,5,39,2014-05-25 00:00:00.000000,2017-09-02 00:00:00.000000,119,440.74000000000007,2,1,2,212
JL-15505,3173.874,591.7163000000002,6,56,2014-11-14 00:00:00.000000,2017-11-11 00:00:00.000000,49,528.9789999999999,3,2,3,323
JL-15835,9799.923,228.9069999999995,11,143,2014-04-18 00:00:00.000000,2017-12-09 00:00:00.000000,21,890.9020909090909,4,4,4,444
JL-15850,2725.256,779.9046,6,38,2014-07-22 00:00:00.000000,2016-04-25 00:00:00.000000,614,454.2093333333333,1,2,3,123
JM-15250,3159.122,19.823499999999967,6,91,2016-03-29 00:00:00.000000,2017-11-23 00:00:00.000000,37,526.5203333333333,3,2,3,323
JM-15265,1804.146,502.61429999999996,5,52,2014-08-25 00:00:00.000000,2017-11-23 00:00:00.000000,37,360.8292,3,1,2,312
JM-15535,1733.4430000000002,356.5394999999999,7,46,2014-09-13 00:00:00.000000,2017-09-19 00:00:00.000000,102,247.63471428571432,2,3,2,232
JM-15580,303.948,113.12039999999999,5,26,2016-04-14 00:00:00.000000,2017-12-30 00:00:00.000000,0,60.78959999999999,4,1,1,411
JM-15655,864.947,117.20399999999995,5,41,2014-04-08 00:00:00.000000,2017-12-22 00:00:00.000000,8,172.9894,4,1,1,411
JM-15865,7625.076000000001,1574.6164,7,50,2014-11-19 00:00:00.000000,2017-09-12 00:00:00.000000,109,1089.2965714285715,2,3,4,234
JM-16195,2833.926,754.1143999999999,10,74,2014-04-30 00:00:00.000000,2017-11-03 00:00:00.000000,57,283.3926,3,4,3,343
JO-15145,3254.949,581.4045,9,59,2014-01-06 00:00:00.000000,2017-11-03 00:00:00.000000,57,361.661,3,4,3,343
JO-15280,1934.272,202.13619999999995,6,36,2014-03-31 00:00:00.000000,2017-09-29 00:00:00.000000,92,322.3786666666667,2,2,2,222
JO-15550,1090.8380000000002,167.67089999999996,5,42,2015-03-19 00:00:00.000000,2017-05-29 00:00:00.000000,215,218.16760000000005,1,1,1,111
JP-15460,1669.135,429.7465000000001,7,54,2014-08-24 00:00:00.000000,2017-11-23 00:00:00.000000,37,238.44785714285715,3,3,2,332
JP-15520,3635.594,757.1801999999999,7,63,2014-08-22 00:00:00.000000,2017-12-22 00:00:00.000000,8,519.3705714285715,4,3,3,433
JP-16135,1707.71,309.7116,9,47,2014-09-23 00:00:00.000000,2017-09-19 00:00:00.000000,102,189.74555555555557,2,4,2,242
JR-15670,1156.6580000000001,-785.1645000000002,2,14,2015-12-24 00:00:00.000000,2016-05-16 00:00:00.000000,593,578.3290000000001,1,1,2,112
JR-15700,863.8799999999999,107.98499999999996,1,3,2017-10-23 00:00:00.000000,2017-10-23 00:00:00.000000,68,863.8799999999999,3,1,1,311
JR-16210,2201.686,452.3729999999999,5,41,2015-09-18 00:00:00.000000,2017-11-27 00:00:00.000000,33,440.33720000000005,3,1,2,312
JS-15595,1417.654,-175.54899999999998,4,35,2014-03-03 00:00:00.000000,2017-09-02 00:00:00.000000,119,354.4135,2,1,2,212
JS-15685,1131.064,-54.869200000000085,4,42,2016-06-14 00:00:00.000000,2017-11-18 00:00:00.000000,42,282.766,3,1,1,311
JS-15880,3868.02,564.9798,5,43,2014-04-08 00:00:00.000000,2016-07-14 00:00:00.000000,534,773.604,1,1,4,114
JS-15940,469.16900000000004,-327.93359999999996,5,37,2014-05-03 00:00:00.000000,2016-09-23 00:00:00.000000,463,93.83380000000001,1,1,1,111
JS-16030,2516.494,-311.2575,6,70,2014-02-27 00:00:00.000000,2017-12-02 00:00:00.000000,28,419.4156666666667,4,2,3,423
JW-15220,7721.714,2173.7093999999997,6,66,2015-04-30 00:00:00.000000,2017-11-18 00:00:00.000000,42,1286.9523333333334,3,2,4,324
JW-15955,1244.086,-29.575900000000004,7,41,2015-08-16 00:00:00.000000,2017-12-25 00:00:00.000000,5,177.72657142857142,4,3,2,432
JW-16075,1428.731,154.06369999999993,4,38,2015-03-21 00:00:00.000000,2016-09-25 00:00:00.000000,461,357.18275,1,1,2,112
KA-16525,1519.506,234.91939999999997,7,57,2014-03-11 00:00:00.000000,2017-11-24 00:00:00.000000,36,217.07228571428573,3,3,2,332
KB-16240,3152.6150000000002,763.9075999999998,7,34,2014-03-31 00:00:00.000000,2017-12-26 00:00:00.000000,4,450.37357142857144,4,3,3,433
KB-16315,1569.4640000000002,49.7192999999999,9,62,2014-08-26 00:00:00.000000,2017-03-09 00:00:00.000000,296,174.3848888888889,1,4,2,142
KB-16405,908.821,274.29699999999997,3,25,2015-11-20 00:00:00.000000,2017-09-04 00:00:00.000000,117,302.94033333333334,2,1,1,211
KB-16585,2744.742,579.3551,12,102,2014-04-04 00:00:00.000000,2017-05-14 00:00:00.000000,230,228.72850000000003,1,4,3,143
KB-16600,983.9219999999999,293.55240000000003,7,29,2014-12-30 00:00:00.000000,2017-12-29 00:00:00.000000,1,140.5602857142857,4,3,1,431
KC-16255,2120.954,846.1217,6,40,2014-09-08 00:00:00.000000,2016-11-18 00:00:00.000000,407,353.49233333333336,1,2,2,122
KC-16540,3908.262,709.4218999999996,4,28,2015-11-02 00:00:00.000000,2017-09-24 00:00:00.000000,97,977.0655,2,1,4,214
KC-16675,1146.05,156.7797,4,40,2014-12-13 00:00:00.000000,2017-11-03 00:00:00.000000,57,286.5125,3,1,1,311
KD-16270,8282.358,1107.695199999999,5,64,2014-11-11 00:00:00.000000,2016-09-02 00:00:00.000000,484,1656.4716,1,1,4,114
KD-16345,1888.964,328.59419999999994,6,36,2014-09-02 00:00:00.000000,2017-11-19 00:00:00.000000,41,314.82733333333334,3,2,2,322
KD-16495,8181.256,3038.6254,12,84,2014-09-28 00:00:00.000000,2017-09-09 00:00:00.000000,112,681.7713333333334,2,4,4,244
KD-16615,2243.51,539.7219,5,56,2015-09-13 00:00:00.000000,2017-03-16 00:00:00.000000,289,448.70200000000006,1,1,2,112
KE-16420,1686.7312,397.87989999999996,8,67,2014-04-03 00:00:00.000000,2017-12-04 00:00:00.000000,26,210.8414,4,3,2,432
KF-16285,10604.266000000001,1660.1386,7,67,2014-09-26 00:00:00.000000,2017-09-24 00:00:00.000000,97,1514.8951428571431,2,3,4,234
KH-16330,3312.864,454.78709999999984,8,70,2014-04-01 00:00:00.000000,2017-11-20 00:00:00.000000,40,414.108,3,3,3,333
KH-16360,3100.612,528.2051,6,40,2014-04-29 00:00:00.000000,2017-12-29 00:00:00.000000,1,516.7686666666667,4,2,3,423
KH-16510,5952.859,656.1161999999999,7,91,2014-08-15 00:00:00.000000,2017-12-08 00:00:00.000000,22,850.4084285714287,4,3,4,434
KH-16630,3918.9660000000003,727.3785999999999,9,84,2014-11-01 00:00:00.000000,2017-11-02 00:00:00.000000,58,435.4406666666667,3,4,4,344
KH-16690,5990.799000000001,1227.5091000000002,7,69,2014-03-21 00:00:00.000000,2017-12-28 00:00:00.000000,2,855.8284285714287,4,3,4,434
KL-16555,5016.488,-182.78130000000013,8,84,2014-06-15 00:00:00.000000,2017-12-14 00:00:00.000000,16,627.061,4,3,4,434
KL-16645,14175.229000000001,806.8549999999996,12,113,2014-07-25 00:00:00.000000,2017-11-13 00:00:00.000000,47,1181.2690833333334,3,4,4,344
KM-16225,2260.958,635.1057,6,72,2015-07-06 00:00:00.000000,2017-12-16 00:00:00.000000,14,376.82633333333337,4,2,3,423
KM-16375,5620.186,973.7902,8,69,2014-07-20 00:00:00.000000,2017-11-04 00:00:00.000000,56,702.52325,3,3,4,334
KM-16660,453.538,91.1391,5,30,2014-12-22 00:00:00.000000,2017-12-15 00:00:00.000000,15,90.7076,4,1,1,411
KM-16720,4909.472,745.7684999999997,8,98,2014-03-30 00:00:00.000000,2017-12-02 00:00:00.000000,28,613.684,4,3,4,434
KN-16390,2617.272,-151.15179999999992,9,56,2014-12-02 00:00:00.000000,2017-12-11 00:00:00.000000,19,290.808,4,4,3,443
KN-16450,2171.962,114.3082999999999,5,49,2014-04-12 00:00:00.000000,2017-11-08 00:00:00.000000,52,434.3924,3,1,2,312
KN-16705,2280.58,329.7625,8,55,2014-03-02 00:00:00.000000,2017-09-23 00:00:00.000000,98,285.0725,2,3,3,233
KS-16300,88.47200000000001,0.11099999999999888,3,10,2015-01-13 00:00:00.000000,2017-03-10 00:00:00.000000,295,29.49066666666667,1,1,1,111
KT-16465,3057.1,254.00319999999982,7,45,2014-09-08 00:00:00.000000,2016-12-04 00:00:00.000000,391,436.7285714285714,1,3,3,133
KT-16480,4642.0884,194.06709999999998,10,37,2014-03-10 00:00:00.000000,2017-09-21 00:00:00.000000,100,464.20883999999995,2,4,4,244
KW-16435,4416.5199999999995,1756.1349999999995,5,42,2015-08-24 00:00:00.000000,2017-09-25 00:00:00.000000,96,883.3039999999999,2,1,4,214
KW-16570,449.096,107.92699999999999,4,22,2014-09-30 00:00:00.000000,2015-11-20 00:00:00.000000,771,112.274,1,1,1,111
LA-16780,8673.222,2059.1199,11,105,2014-04-29 00:00:00.000000,2017-07-29 00:00:00.000000,154,788.4747272727273,2,4,4,244
LB-16735,50.188,18.6507,3,12,2016-07-25 00:00:00.000000,2017-11-12 00:00:00.000000,48,16.729333333333333,3,1,1,311
LB-16795,4985.676,-52.19100000000021,8,76,2014-04-23 00:00:00.000000,2017-07-31 00:00:00.000000,152,623.2095,2,3,4,234
LC-16870,2580.704,-188.25110000000004,8,113,2015-05-03 00:00:00.000000,2017-12-03 00:00:00.000000,27,322.588,4,3,3,433
LC-16885,7663.126,1288.3468999999998,12,93,2014-04-25 00:00:00.000000,2017-12-14 00:00:00.000000,16,638.5938333333334,4,4,4,444
LC-16930,4492.946,288.26600000000025,8,52,2014-02-20 00:00:00.000000,2017-11-19 00:00:00.000000,41,561.61825,3,3,4,334
LC-16960,3246.626,299.4802000000001,4,30,2015-02-23 00:00:00.000000,2016-10-20 00:00:00.000000,436,811.6565,1,1,3,113
LC-17050,2095.064,86.77799999999998,5,43,2014-01-31 00:00:00.000000,2017-11-06 00:00:00.000000,54,419.01279999999997,3,1,2,312
LC-17140,2633.582,231.12519999999998,9,62,2014-09-09 00:00:00.000000,2017-12-17 00:00:00.000000,13,292.6202222222222,4,4,3,443
LD-16855,5.304,0.46409999999999996,1,3,2016-06-26 00:00:00.000000,2016-06-26 00:00:00.000000,552,5.304,1,1,1,111
LD-17005,1961.934,557.1714000000001,4,25,2014-09-29 00:00:00.000000,2016-11-11 00:00:00.000000,414,490.4835,1,1,2,112
LE-16810,1469.45,161.7649,6,32,2014-05-27 00:00:00.000000,2017-12-09 00:00:00.000000,21,244.90833333333333,4,2,2,422
LF-17185,3930.508999999999,-3583.977000000001,7,69,2014-07-26 00:00:00.000000,2017-12-08 00:00:00.000000,22,561.5012857142856,4,3,4,434
LH-16750,287.426,12.627700000000017,3,12,2014-09-21 00:00:00.000000,2017-08-01 00:00:00.000000,151,95.80866666666667,2,1,1,211
LH-16900,2295.332,526.0726999999999,9,64,2014-08-19 00:00:00.000000,2017-12-09 00:00:00.000000,21,255.03688888888888,4,4,3,443
LH-17020,318.23900000000003,-242.73989999999998,4,34,2014-09-08 00:00:00.000000,2017-05-05 00:00:00.000000,239,79.55975000000001,1,1,1,111
LH-17155,1739.689,316.52019999999993,9,44,2014-12-12 00:00:00.000000,2016-12-10 00:00:00.000000,385,193.2987777777778,1,4,2,142
LL-16840,2741.2039999999997,560.0077999999999,6,50,2014-04-29 00:00:00.000000,2017-04-25 00:00:00.000000,249,456.8673333333333,1,2,3,123
LM-17065,1346.7740000000001,-44.878,5,32,2014-06-27 00:00:00.000000,2016-12-04 00:00:00.000000,391,269.3548,1,1,2,112
LO-17170,644.35,150.1712,5,34,2015-02-06 00:00:00.000000,2017-12-28 00:00:00.000000,2,128.87,4,1,1,411
LP-17080,756.6059999999999,110.78129999999997,4,39,2014-06-24 00:00:00.000000,2017-11-20 00:00:00.000000,40,189.15149999999997,3,1,1,311
LP-17095,3653.399,338.44539999999984,7,52,2016-06-06 00:00:00.000000,2017-12-21 00:00:00.000000,9,521.9141428571428,4,3,3,433
LR-16915,5142.892,535.4763999999997,6,64,2014-08-08 00:00:00.000000,2017-12-04 00:00:00.000000,26,857.1486666666666,4,2,4,424
LR-17035,1879.306,-382.80790000000025,5,44,2014-09-07 00:00:00.000000,2017-08-20 00:00:00.000000,132,375.8612,2,1,2,212
LS-16945,2845.2700000000004,-318.7737000000002,6,51,2015-04-25 00:00:00.000000,2017-07-05 00:00:00.000000,178,474.21166666666676,2,2,3,223
LS-16975,2988.674,262.6366999999999,9,63,2014-10-20 00:00:00.000000,2017-12-10 00:00:00.000000,20,332.0748888888889,4,4,3,443
LS-17200,1010.2560000000001,244.19699999999997,6,54,2014-10-18 00:00:00.000000,2017-09-25 00:00:00.000000,96,168.376,2,2,1,221
LS-17230,368.88,39.19519999999998,3,16,2014-01-06 00:00:00.000000,2015-11-14 00:00:00.000000,777,122.96,1,1,1,111
LS-17245,1008.1360000000001,348.3584,6,47,2014-10-16 00:00:00.000000,2017-11-26 00:00:00.000000,34,168.02266666666668,3,2,1,321
LT-16765,329.876,59.036,3,8,2014-09-01 00:00:00.000000,2017-12-04 00:00:00.000000,26,109.95866666666666,4,1,1,411
LT-17110,2936.252,320.9729999999999,8,63,2014-06-01 00:00:00.000000,2017-11-26 00:00:00.000000,34,367.0315,3,3,3,333
LW-16825,2238.061,32.576699999999896,5,50,2014-05-30 00:00:00.000000,2017-10-03 00:00:00.000000,88,447.61220000000003,2,1,2,212
LW-16990,3230.308,662.8339,6,38,2016-05-05 00:00:00.000000,2017-11-27 00:00:00.000000,33,538.3846666666667,3,2,3,323
LW-17125,1259.04,192.63119999999998,3,15,2014-09-11 00:00:00.000000,2017-06-08 00:00:00.000000,205,419.68,1,1,2,112
LW-17215,5420.514,837.2411000000002,7,59,2014-09-12 00:00:00.000000,2017-12-09 00:00:00.000000,21,774.3591428571428,4,3,4,434
MA-17560,4299.161,1240.2266,11,117,2014-08-08 00:00:00.000000,2017-10-27 00:00:00.000000,64,390.8328181818182,3,4,4,344
MA-17995,2453.2840000000006,280.7822,6,42,2014-09-20 00:00:00.000000,2017-06-27 00:00:00.000000,186,408.88066666666674,1,2,3,123
MB-17305,1548.702,212.42499999999998,10,63,2014-08-08 00:00:00.000000,2017-11-12 00:00:00.000000,48,154.8702,3,4,2,342
MB-18085,1428.2310000000002,117.80569999999997,7,39,2014-01-05 00:00:00.000000,2017-11-16 00:00:00.000000,44,204.03300000000004,3,3,2,332
MC-17275,2725.982,461.0013999999998,8,54,2014-09-08 00:00:00.000000,2017-10-15 00:00:00.000000,76,340.74775,2,3,3,233
MC-17425,4432.138,1802.3903,5,48,2014-05-30 00:00:00.000000,2016-11-26 00:00:00.000000,399,886.4276,1,1,4,114
MC-17575,1303.893,210.74929999999992,8,40,2014-12-02 00:00:00.000000,2017-12-03 00:00:00.000000,27,162.986625,4,3,2,432
MC-17590,2426.0669999999996,288.9841000000001,6,47,2014-05-20 00:00:00.000000,2017-11-09 00:00:00.000000,51,404.3444999999999,3,2,3,323
MC-17605,2258.192,195.44859999999989,8,60,2014-03-19 00:00:00.000000,2017-09-09 00:00:00.000000,112,282.274,2,3,3,233
MC-17635,795.154,-247.94350000000014,4,33,2014-11-28 00:00:00.000000,2017-06-24 00:00:00.000000,189,198.7885,1,1,1,111
MC-17845,3805.714,698.4173999999998,7,45,2014-07-05 00:00:00.000000,2017-12-29 00:00:00.000000,1,543.6734285714285,4,3,4,434
MC-18100,2218.98,-64.16680000000007,10,73,2014-06-18 00:00:00.000000,2017-11-19 00:00:00.000000,41,221.898,3,4,2,342
MC-18130,1581.9979999999998,121.75650000000007,5,34,2014-09-19 00:00:00.000000,2016-12-26 00:00:00.000000,369,316.39959999999996,1,1,2,112
MD-17350,3766.382,-241.94999999999993,7,64,2014-11-05 00:00:00.000000,2017-09-04 00:00:00.000000,117,538.0545714285714,2,3,3,233
MD-17860,1204.91,-4.040300000000045,5,45,2014-12-02 00:00:00.000000,2017-11-24 00:00:00.000000,36,240.98200000000003,3,1,2,312
ME-17320,10663.728000000001,1859.4694999999997,10,82,2014-01-06 00:00:00.000000,2017-11-18 00:00:00.000000,42,1066.3728,3,4,4,344
ME-17725,1908.4532,77.81280000000001,8,46,2014-07-12 00:00:00.000000,2017-12-02 00:00:00.000000,28,238.55665,4,3,2,432
ME-18010,1256.9440000000002,107.36039999999998,4,15,2014-07-21 00:00:00.000000,2017-09-29 00:00:00.000000,92,314.23600000000005,2,1,2,212
MF-17665,937.0390000000001,-341.5265000000002,5,36,2014-12-30 00:00:00.000000,2016-11-04 00:00:00.000000,421,187.4078,1,1,1,111
MF-18250,1758.3,456.8607999999999,5,38,2014-09-15 00:00:00.000000,2017-12-23 00:00:00.000000,7,351.65999999999997,4,1,2,412
MG-17650,3785.276,341.8979999999999,7,57,2014-08-09 00:00:00.000000,2017-12-01 00:00:00.000000,29,540.7537142857143,4,3,3,433
MG-17680,2350.188,25.8886,4,25,2014-10-22 00:00:00.000000,2017-09-29 00:00:00.000000,92,587.547,2,1,3,213
MG-17695,1342.2820000000002,-398.7932000000001,3,23,2014-12-26 00:00:00.000000,2016-06-23 00:00:00.000000,555,447.42733333333337,1,1,2,112
MG-17875,1242.833,-470.7684000000002,5,23,2014-02-23 00:00:00.000000,2017-09-05 00:00:00.000000,116,248.56660000000002,2,1,2,212
MG-17890,776.384,171.73719999999994,9,35,2014-12-29 00:00:00.000000,2017-09-22 00:00:00.000000,99,86.26488888888889,2,4,1,241
MG-18145,3061.5429999999997,-93.6030000000001,4,42,2014-03-29 00:00:00.000000,2017-10-07 00:00:00.000000,84,765.3857499999999,2,1,3,213
MG-18205,16.739000000000004,-1.2453000000000016,1,8,2017-04-10 00:00:00.000000,2017-04-10 00:00:00.000000,264,16.739000000000004,1,1,1,111
MH-17290,2394.025,28.761199999999995,6,55,2014-04-26 00:00:00.000000,2017-09-02 00:00:00.000000,119,399.00416666666666,2,2,3,223
MH-17440,400.01599999999996,61.428599999999996,4,25,2014-02-04 00:00:00.000000,2016-12-19 00:00:00.000000,376,100.00399999999999,1,1,1,111
MH-17455,2456.1820000000002,484.77329999999995,8,45,2014-07-11 00:00:00.000000,2017-10-06 00:00:00.000000,85,307.02275000000003,2,3,3,233
MH-17620,1252.8000000000002,122.36120000000005,4,19,2015-12-05 00:00:00.000000,2017-07-28 00:00:00.000000,155,313.20000000000005,2,1,2,212
MH-17785,2203.7780000000002,238.56140000000008,7,42,2014-05-27 00:00:00.000000,2017-09-23 00:00:00.000000,98,314.82542857142863,2,3,2,232
MH-18025,2984.948,476.9032000000001,5,31,2014-07-08 00:00:00.000000,2017-11-11 00:00:00.000000,49,596.9896,3,1,3,313
MH-18115,5503.093,170.97459999999987,9,79,2016-08-23 00:00:00.000000,2017-12-25 00:00:00.000000,5,611.4547777777777,4,4,4,444
MJ-17740,6320.746,1054.5528999999997,7,50,2015-06-09 00:00:00.000000,2017-12-08 00:00:00.000000,22,902.9637142857143,4,3,4,434
MK-17905,2302.368,-405.35589999999996,8,73,2014-11-18 00:00:00.000000,2017-12-02 00:00:00.000000,28,287.796,4,3,3,433
MK-18160,1031.602,227.83379999999997,4,43,2014-12-19 00:00:00.000000,2017-05-04 00:00:00.000000,240,257.9005,1,1,1,111
ML-17395,2722.843,684.9162,9,72,2014-02-14 00:00:00.000000,2017-10-22 00:00:00.000000,69,302.5381111111111,3,4,3,343
ML-17410,2921.5,-76.1755,6,51,2014-11-14 00:00:00.000000,2017-11-06 00:00:00.000000,54,486.9166666666667,3,2,3,323
ML-17755,2071.9139999999998,409.5111999999998,7,53,2016-08-04 00:00:00.000000,2017-12-01 00:00:00.000000,29,295.9877142857143,4,3,2,432
ML-18040,742.082,138.71620000000001,3,18,2017-03-26 00:00:00.000000,2017-10-12 00:00:00.000000,79,247.36066666666667,2,1,1,211
ML-18265,162.232,42.6648,2,7,2015-05-31 00:00:00.000000,2017-09-21 00:00:00.000000,100,81.116,2,1,1,211
MM-17260,1314.0230000000001,178.40199999999987,4,17,2014-05-28 00:00:00.000000,2017-07-15 00:00:00.000000,168,328.50575000000003,2,1,2,212
MM-17920,3794.08,82.12499999999991,11,68,2014-01-13 00:00:00.000000,2017-12-23 00:00:00.000000,7,344.91636363636366,4,4,4,444
MM-18055,2749.881,-520.3443000000001,8,73,2014-04-11 00:00:00.000000,2017-10-30 00:00:00.000000,61,343.735125,3,3,3,333
MM-18280,775.414,58.8916,9,32,2014-01-20 00:00:00.000000,2017-10-06 00:00:00.000000,85,86.1571111111111,2,4,1,241
MN-17935,2477.9460000000004,290.82270000000005,6,36,2014-02-16 00:00:00.000000,2017-11-26 00:00:00.000000,34,412.99100000000004,3,2,3,323
MO-17500,922.4870000000001,59.35769999999992,4,15,2014-11-28 00:00:00.000000,2017-10-19 00:00:00.000000,72,230.62175000000002,3,1,1,311
MO-17800,1687.027,169.34369999999996,8,49,2015-09-17 00:00:00.000000,2017-09-17 00:00:00.000000,104,210.878375,2,3,2,232
MO-17950,154.288,-82.00740000000002,2,14,2015-04-02 00:00:00.000000,2017-07-03 00:00:00.000000,180,77.144,2,1,1,211
MP-17470,3206.132,600.2872999999998,7,77,2014-03-30 00:00:00.000000,2016-01-11 00:00:00.000000,719,458.01885714285714,1,3,3,133
MP-17965,3983.6420000000003,638.1563,9,62,2015-04-18 00:00:00.000000,2017-10-19 00:00:00.000000,72,442.6268888888889,3,4,4,344
MP-18175,5087.92,226.45289999999997,9,78,2014-03-28 00:00:00.000000,2017-12-14 00:00:00.000000,16,565.3244444444445,4,4,4,444
MR-17545,639.178,162.93629999999996,4,29,2014-09-03 00:00:00.000000,2017-08-27 00:00:00.000000,125,159.7945,2,1,1,211
MS-17365,7443.6900000000005,844.9354999999997,10,105,2014-09-09 00:00:00.000000,2017-04-01 00:00:00.000000,273,744.369,1,4,4,144
MS-17530,475.65599999999995,84.02679999999997,4,21,2014-11-04 00:00:00.000000,2016-10-22 00:00:00.000000,434,118.91399999999999,1,1,1,111
MS-17710,1613.402,247.43479999999994,6,48,2014-03-24 00:00:00.000000,2016-11-12 00:00:00.000000,413,268.9003333333333,1,2,2,122
MS-17770,3144.678,280.85839999999996,9,73,2014-07-04 00:00:00.000000,2017-08-31 00:00:00.000000,121,349.40866666666665,2,4,3,243
MS-17830,370.34799999999996,19.431200000000004,4,14,2014-01-09 00:00:00.000000,2016-10-04 00:00:00.000000,452,92.58699999999999,1,1,1,111
MS-17980,855.116,55.226000000000006,6,49,2014-06-30 00:00:00.000000,2017-12-04 00:00:00.000000,26,142.51933333333332,4,2,1,421
MT-17815,2890.139,509.0068000000001,6,31,2015-11-06 00:00:00.000000,2017-11-11 00:00:00.000000,49,481.68983333333335,3,2,3,323
MT-18070,1319.4497999999999,-23.676300000000012,4,44,2014-09-25 00:00:00.000000,2017-06-10 00:00:00.000000,203,329.86244999999997,1,1,2,112
MV-17485,1560.05,189.02579999999992,9,52,2014-01-20 00:00:00.000000,2017-12-03 00:00:00.000000,27,173.33888888888887,4,4,2,442
MV-18190,1734.574,273.85819999999995,7,37,2014-01-30 00:00:00.000000,2017-12-11 00:00:00.000000,19,247.79628571428572,4,3,2,432
MW-18220,5341.900000000001,1238.422,7,51,2014-08-25 00:00:00.000000,2017-12-13 00:00:00.000000,17,763.1285714285715,4,3,4,434
MW-18235,5253.876,1665.5159999999998,2,13,2014-05-21 00:00:00.000000,2017-11-16 00:00:00.000000,44,2626.938,3,1,4,314
MY-17380,2254.2850000000003,319.12109999999996,7,49,2015-10-26 00:00:00.000000,2017-12-01 00:00:00.000000,29,322.04071428571433,4,3,2,432
MY-18295,4152.696,-371.7111,11,89,2014-04-28 00:00:00.000000,2017-10-20 00:00:00.000000,71,377.5178181818182,3,4,4,344
MZ-17335,593.606,85.01909999999997,4,11,2015-11-08 00:00:00.000000,2017-11-30 00:00:00.000000,30,148.4015,4,1,1,411
MZ-17515,2564.906,787.7503,6,39,2014-04-04 00:00:00.000000,2017-03-23 00:00:00.000000,282,427.4843333333333,1,2,3,123
NB-18580,273.87199999999996,24.788800000000002,2,7,2014-09-26 00:00:00.000000,2014-10-22 00:00:00.000000,1165,136.93599999999998,1,1,1,111
NB-18655,1972.599,117.64289999999988,9,64,2014-12-05 00:00:00.000000,2017-12-11 00:00:00.000000,19,219.17766666666665,4,4,2,442
NC-18340,2461.404,580.3074999999999,5,54,2014-03-30 00:00:00.000000,2017-05-20 00:00:00.000000,224,492.2808,1,1,3,113
NC-18415,2218.99,-2204.8072,6,38,2014-05-03 00:00:00.000000,2017-11-19 00:00:00.000000,41,369.83166666666665,3,2,2,322
NC-18535,8241.739,1314.7579999999996,7,64,2014-07-23 00:00:00.000000,2017-12-24 00:00:00.000000,6,1177.3912857142857,4,3,4,434
NC-18625,1821.7420000000002,-359.02100000000013,5,29,2014-10-29 00:00:00.000000,2017-06-09 00:00:00.000000,204,364.3484,1,1,2,112
ND-18370,4326.139,353.6454999999999,9,63,2014-01-13 00:00:00.000000,2017-12-03 00:00:00.000000,27,480.6821111111111,4,4,4,444
ND-18460,2893.4550000000004,443.3367999999998,6,36,2014-02-06 00:00:00.000000,2017-06-30 00:00:00.000000,183,482.24250000000006,2,2,3,223
NF-18385,8322.826000000001,-1695.9714000000006,7,52,2014-02-11 00:00:00.000000,2017-10-12 00:00:00.000000,79,1188.975142857143,2,3,4,234
NF-18475,377.16200000000003,85.92779999999999,4,13,2014-03-14 00:00:00.000000,2016-07-23 00:00:00.000000,525,94.29050000000001,1,1,1,111
NF-18595,2031.4720000000002,388.2130999999999,7,55,2014-04-19 00:00:00.000000,2017-09-07 00:00:00.000000,114,290.21028571428576,2,3,2,232
NG-18355,1869.58,313.6334999999999,5,45,2014-11-24 00:00:00.000000,2017-11-12 00:00:00.000000,48,373.916,3,1,2,312
NG-18430,1395.9379999999999,217.08929999999998,5,41,2014-11-24 00:00:00.000000,2017-11-12 00:00:00.000000,48,279.1876,3,1,2,312
NH-18610,2673.29,760.1665999999998,7,52,2014-03-02 00:00:00.000000,2017-06-24 00:00:00.000000,189,381.8985714285714,1,3,3,133
NK-18490,572.048,121.21769999999998,7,51,2015-05-28 00:00:00.000000,2017-10-21 00:00:00.000000,70,81.72114285714285,3,3,1,331
NL-18310,1418.0900000000001,343.63809999999995,4,44,2014-10-31 00:00:00.000000,2017-11-02 00:00:00.000000,58,354.52250000000004,3,1,2,312
NM-18445,6459.344,2751.6848999999997,7,44,2014-02-08 00:00:00.000000,2017-07-23 00:00:00.000000,160,922.7634285714286,2,3,4,234
NM-18520,2161.979,788.9525,10,60,2015-09-08 00:00:00.000000,2017-04-30 00:00:00.000000,244,216.19789999999998,1,4,2,142
NP-18325,5529.62,1208.8890000000001,6,77,2014-05-13 00:00:00.000000,2017-12-05 00:00:00.000000,25,921.6033333333334,4,2,4,424
NP-18670,3908.402,514.6001999999999,5,46,2015-02-27 00:00:00.000000,2017-11-02 00:00:00.000000,58,781.6804,3,1,4,314
NP-18685,1228.698,514.5017,6,23,2014-03-07 00:00:00.000000,2016-11-19 00:00:00.000000,406,204.78300000000002,1,2,2,122
NP-18700,7903.1825,631.2281999999999,7,63,2014-09-05 00:00:00.000000,2017-08-14 00:00:00.000000,138,1129.0260714285714,2,3,4,234
NR-18550,2367.277,-25.14880000000005,5,37,2014-06-07 00:00:00.000000,2017-06-03 00:00:00.000000,210,473.4554,1,1,3,113
NS-18505,2575.863,-12.304000000000006,4,52,2016-11-24 00:00:00.000000,2017-12-24 00:00:00.000000,6,643.96575,4,1,3,413
NS-18640,2964.823,-234.7714000000001,13,113,2014-06-25 00:00:00.000000,2017-07-09 00:00:00.000000,174,228.0633076923077,2,4,3,243
NW-18400,7234.014,1023.1229999999998,7,78,2014-06-21 00:00:00.000000,2017-07-11 00:00:00.000000,172,1033.4305714285715,2,3,4,234
NZ-18565,2488.31,402.4236000000001,9,77,2014-08-02 00:00:00.000000,2017-10-06 00:00:00.000000,85,276.4788888888889,2,4,3,243
ON-18715,1567.52,-5.889000000000095,9,58,2014-09-13 00:00:00.000000,2016-11-15 00:00:00.000000,410,174.1688888888889,1,4,2,142
OT-18730,3818.6240000000003,-925.1203000000002,5,51,2015-04-20 00:00:00.000000,2017-10-26 00:00:00.000000,65,763.7248000000001,3,1,4,314
PA-19060,729.408,225.85879999999995,6,27,2014-05-17 00:00:00.000000,2017-09-18 00:00:00.000000,103,121.568,2,2,1,221
PB-18805,740.356,229.2257,3,54,2015-11-20 00:00:00.000000,2017-12-05 00:00:00.000000,25,246.78533333333334,4,1,1,411
PB-19105,688.3240000000001,218.15969999999993,4,18,2014-11-15 00:00:00.000000,2017-11-03 00:00:00.000000,57,172.08100000000002,3,1,1,311
PB-19150,1456.95,280.66059999999993,8,54,2014-07-14 00:00:00.000000,2017-09-24 00:00:00.000000,97,182.11875,2,3,2,232
PB-19210,132.738,21.897,2,10,2014-11-23 00:00:00.000000,2016-02-11 00:00:00.000000,688,66.369,1,1,1,111
PC-18745,1832.064,272.6849999999999,4,22,2014-12-31 00:00:00.000000,2017-12-28 00:00:00.000000,2,458.016,4,1,2,412
PC-19000,1061.488,-184.33640000000008,2,18,2014-04-08 00:00:00.000000,2015-08-01 00:00:00.000000,882,530.744,1,1,1,111
PF-19120,9062.864000000001,-614.2943000000007,4,75,2014-05-05 00:00:00.000000,2015-09-17 00:00:00.000000,835,2265.7160000000003,1,1,4,114
PF-19165,2770.0,196.87389999999976,6,34,2014-09-20 00:00:00.000000,2017-06-17 00:00:00.000000,196,461.6666666666667,1,2,3,123
PF-19225,2206.128,591.3118000000001,5,32,2016-06-26 00:00:00.000000,2017-09-07 00:00:00.000000,114,441.22560000000004,2,1,2,212
PG-18820,3086.907,137.46129999999988,13,83,2014-05-09 00:00:00.000000,2017-11-24 00:00:00.000000,36,237.45438461538464,3,4,3,343
PG-18895,1987.1640000000002,334.5163,9,61,2014-05-11 00:00:00.000000,2017-11-03 00:00:00.000000,57,220.79600000000002,3,4,2,342
PH-18790,729.6480000000001,47.88779999999998,1,6,2017-10-21 00:00:00.000000,2017-10-21 00:00:00.000000,70,729.6480000000001,3,1,1,311
PJ-18835,1220.0900000000001,442.1355,8,46,2014-05-28 00:00:00.000000,2017-11-21 00:00:00.000000,39,152.51125000000002,3,3,2,332
PJ-19015,1824.2340000000002,682.9979000000001,7,25,2014-04-07 00:00:00.000000,2017-08-18 00:00:00.000000,134,260.60485714285716,2,3,2,232
PK-18910,1441.1520000000003,-798.7050000000003,2,14,2014-04-04 00:00:00.000000,2016-09-03 00:00:00.000000,483,720.5760000000001,1,1,2,112
PK-19075,8646.934000000001,2038.2675999999997,12,107,2014-11-11 00:00:00.000000,2017-12-21 00:00:00.000000,9,720.5778333333334,4,4,4,444
PL-18925,239.48100000000005,-0.7527000000000008,5,29,2014-11-01 00:00:00.000000,2017-12-15 00:00:00.000000,15,47.89620000000001,4,1,1,411
PM-18940,1405.402,157.87679999999992,3,16,2014-05-04 00:00:00.000000,2016-12-09 00:00:00.000000,386,468.46733333333333,1,1,2,112
PM-19135,4115.662,526.7537000000002,4,36,2015-12-19 00:00:00.000000,2017-11-09 00:00:00.000000,51,1028.9155,3,1,4,314
PN-18775,1467.152,192.03959999999998,8,47,2015-08-07 00:00:00.000000,2017-11-30 00:00:00.000000,30,183.394,4,3,2,432
PO-18850,7473.828200000001,38.47569999999979,11,91,2014-11-02 00:00:00.000000,2017-12-26 00:00:00.000000,4,679.4389272727274,4,4,4,444
PO-18865,2493.214,437.8533,7,54,2014-03-23 00:00:00.000000,2017-12-30 00:00:00.000000,0,356.1734285714286,4,3,3,433
PO-19180,4893.043,1155.4331,9,65,2015-08-11 00:00:00.000000,2017-07-23 00:00:00.000000,160,543.6714444444444,2,4,4,244
PO-19195,1056.858,-49.70090000000004,5,32,2014-01-04 00:00:00.000000,2017-10-05 00:00:00.000000,86,211.3716,2,1,1,211
PP-18955,7252.608,1495.0853999999997,10,138,2014-08-26 00:00:00.000000,2017-09-24 00:00:00.000000,97,725.2608,2,4,4,244
PR-18880,1840.178,247.6225999999999,5,43,2014-09-05 00:00:00.000000,2017-11-24 00:00:00.000000,36,368.03560000000004,3,1,2,312
PS-18760,2181.479,-134.44099999999992,6,75,2014-06-15 00:00:00.000000,2017-09-14 00:00:00.000000,107,363.5798333333333,2,2,2,222
PS-18970,1278.639,198.50989999999996,8,52,2014-04-15 00:00:00.000000,2017-10-22 00:00:00.000000,69,159.829875,3,3,2,332
PS-19045,6843.634,1742.7296999999996,7,47,2014-12-20 00:00:00.000000,2017-05-08 00:00:00.000000,236,977.662,1,3,4,134
PT-19090,160.572,-20.050800000000017,4,19,2014-09-12 00:00:00.000000,2017-10-20 00:00:00.000000,71,40.143,3,1,1,311
PV-18985,2876.046,434.5284000000001,5,52,2014-07-12 00:00:00.000000,2017-10-02 00:00:00.000000,89,575.2092,2,1,3,213
PW-19030,3454.916,803.8168999999999,10,48,2014-05-16 00:00:00.000000,2017-11-14 00:00:00.000000,46,345.4916,3,4,3,343
PW-19240,3922.4150000000004,1290.354,7,39,2014-11-18 00:00:00.000000,2016-09-22 00:00:00.000000,464,560.345,1,3,4,134
QJ-19255,6108.338,1203.6768000000002,9,61,2014-03-17 00:00:00.000000,2017-12-05 00:00:00.000000,25,678.7042222222221,4,4,4,444
RA-19285,2617.906,546.0881999999999,9,58,2014-12-13 00:00:00.000000,2017-12-25 00:00:00.000000,5,290.8784444444444,4,4,3,443
RA-19885,3832.3140000000003,1292.8656,7,53,2014-04-08 00:00:00.000000,2017-11-17 00:00:00.000000,43,547.4734285714286,3,3,4,334
RA-19915,4793.543000000001,304.8672999999999,9,75,2014-06-30 00:00:00.000000,2017-12-18 00:00:00.000000,12,532.615888888889,4,4,4,444
RA-19945,1686.9225000000001,-445.6949999999999,5,27,2014-08-29 00:00:00.000000,2017-10-30 00:00:00.000000,61,337.3845,3,1,2,312
RB-19330,1008.1959999999999,-164.40619999999996,2,16,2014-11-17 00:00:00.000000,2017-10-23 00:00:00.000000,68,504.09799999999996,3,1,1,311
RB-19360,15117.339,6976.095899999999,6,71,2016-04-01 00:00:00.000000,2017-09-25 00:00:00.000000,96,2519.5565,2,2,4,224
RB-19435,2663.0860000000002,477.2399,8,66,2014-03-11 00:00:00.000000,2017-12-11 00:00:00.000000,19,332.88575000000003,4,3,3,433
RB-19465,4715.466,640.5465999999999,12,85,2014-03-14 00:00:00.000000,2017-12-21 00:00:00.000000,9,392.95550000000003,4,4,4,444
RB-19570,528.546,76.8879,5,35,2016-04-28 00:00:00.000000,2017-12-05 00:00:00.000000,25,105.70920000000001,4,1,1,411
RB-19645,221.084,72.67899999999999,5,29,2014-08-23 00:00:00.000000,2016-03-22 00:00:00.000000,648,44.2168,1,1,1,111
RB-19705,2067.45,243.07549999999986,4,22,2015-08-22 00:00:00.000000,2017-11-06 00:00:00.000000,54,516.8625,3,1,2,312
RB-19795,5633.316000000001,-461.7332000000002,8,92,2014-06-03 00:00:00.000000,2017-11-28 00:00:00.000000,32,704.1645000000001,3,3,4,334
RC-19825,966.409,63.9914,6,29,2014-12-05 00:00:00.000000,2016-12-26 00:00:00.000000,369,161.06816666666666,1,2,1,121
RC-19960,885.7520000000001,10.563299999999984,6,44,2014-08-25 00:00:00.000000,2017-09-11 00:00:00.000000,110,147.62533333333334,2,2,1,221
RD-19480,4272.93,480.5939999999999,8,60,2014-06-08 00:00:00.000000,2017-10-19 00:00:00.000000,72,534.11625,3,3,4,334
RD-19585,2912.8940000000002,734.5158,10,73,2014-04-02 00:00:00.000000,2017-07-03 00:00:00.000000,180,291.2894,2,4,3,243
RD-19660,2786.632,835.7719999999999,5,23,2015-04-12 00:00:00.000000,2017-09-07 00:00:00.000000,114,557.3264,2,1,3,213
RD-19720,1419.737,207.3304,10,78,2014-07-20 00:00:00.000000,2017-12-09 00:00:00.000000,21,141.9737,4,4,2,442
RD-19810,1137.616,318.4625,8,63,2014-10-27 00:00:00.000000,2017-12-16 00:00:00.000000,14,142.202,4,3,1,431
RD-19900,3133.924,455.5291999999999,9,85,2014-04-05 00:00:00.000000,2017-09-07 00:00:00.000000,114,348.21377777777775,2,4,3,243
RD-19930,970.9420000000001,35.057400000000015,4,33,2014-10-03 00:00:00.000000,2017-11-18 00:00:00.000000,42,242.73550000000003,3,1,1,311
RE-19405,48.36,6.044999999999995,1,5,2014-12-29 00:00:00.000000,2014-12-29 00:00:00.000000,1097,48.36,1,1,1,111
RE-19450,876.696,209.2294,5,47,2014-06-03 00:00:00.000000,2017-03-03 00:00:00.000000,302,175.3392,1,1,1,111
RF-19345,3309.15,633.7072,8,67,2014-05-20 00:00:00.000000,2016-12-05 00:00:00.000000,390,413.64375,1,3,3,133
RF-19735,2341.2960000000003,711.6168,7,53,2014-08-06 00:00:00.000000,2017-10-02 00:00:00.000000,89,334.4708571428572,2,3,3,233
RF-19840,945.222,280.0261,8,45,2014-11-12 00:00:00.000000,2017-12-24 00:00:00.000000,6,118.15275,4,3,1,431
RH-19495,3621.3759999999997,563.7876999999999,5,38,2014-08-23 00:00:00.000000,2017-11-28 00:00:00.000000,32,724.2751999999999,3,1,3,313
RH-19510,6979.18,1289.4534999999994,6,43,2014-11-16 00:00:00.000000,2016-09-19 00:00:00.000000,467,1163.1966666666667,1,2,4,124
RH-19555,740.382,0.30569999999996256,2,11,2015-12-04 00:00:00.000000,2016-07-29 00:00:00.000000,519,370.191,1,1,1,111
RH-19600,2085.7400000000002,172.62609999999984,3,43,2015-07-02 00:00:00.000000,2016-07-14 00:00:00.000000,534,695.2466666666668,1,1,2,112
RK-19300,1460.192,269.688,3,29,2015-07-20 00:00:00.000000,2017-09-02 00:00:00.000000,119,486.73066666666665,2,1,2,212
RL-19615,6234.91,488.14839999999975,8,101,2014-12-05 00:00:00.000000,2017-08-31 00:00:00.000000,121,779.36375,2,3,4,234
RM-19375,1453.474,392.1499,6,29,2014-05-11 00:00:00.000000,2017-01-19 00:00:00.000000,345,242.24566666666666,1,2,2,122
RM-19675,5979.0960000000005,1902.5438,5,39,2014-11-14 00:00:00.000000,2017-12-24 00:00:00.000000,6,1195.8192000000001,4,1,4,414
RM-19750,98.35,28.687899999999992,1,4,2017-03-06 00:00:00.000000,2017-03-06 00:00:00.000000,299,98.35,1,1,1,111
RO-19780,3815.478,-1262.5715999999998,7,48,2015-05-12 00:00:00.000000,2017-11-25 00:00:00.000000,35,545.0682857142857,3,3,4,334
RP-19270,954.6451999999999,59.53840000000004,4,47,2014-10-19 00:00:00.000000,2016-08-21 00:00:00.000000,496,238.66129999999998,1,1,1,111
RP-19390,5153.084000000001,465.25030000000015,12,88,2014-05-24 00:00:00.000000,2017-11-27 00:00:00.000000,33,429.42366666666675,3,4,4,344
RP-19855,2170.716,594.5867999999999,8,61,2014-04-05 00:00:00.000000,2017-12-02 00:00:00.000000,28,271.3395,4,3,2,432
RR-19315,615.932,-73.83499999999995,2,7,2016-11-14 00:00:00.000000,2017-12-11 00:00:00.000000,19,307.966,4,1,1,411
RR-19525,3302.262,721.6825999999999,6,36,2014-09-09 00:00:00.000000,2017-07-13 00:00:00.000000,170,550.3770000000001,2,2,3,223
RS-19420,3221.29,633.4514,5,29,2014-08-05 00:00:00.000000,2017-10-15 00:00:00.000000,76,644.258,2,1,3,213
RS-19765,4159.7699999999995,1206.3851,8,54,2014-04-07 00:00:00.000000,2017-11-24 00:00:00.000000,36,519.9712499999999,3,3,4,334
RS-19870,22.328,9.5838,2,10,2016-06-07 00:00:00.000000,2017-12-11 00:00:00.000000,19,11.164,4,1,1,411
RW-19540,7397.401,1586.6272999999999,7,89,2015-02-03 00:00:00.000000,2017-09-01 00:00:00.000000,120,1056.7715714285714,2,3,4,234
RW-19630,3279.746,698.8324999999999,9,53,2014-06-28 00:00:00.000000,2017-10-02 00:00:00.000000,89,364.41622222222225,2,4,3,243
RW-19690,3495.646,707.5502999999998,5,61,2016-05-30 00:00:00.000000,2017-10-12 00:00:00.000000,79,699.1292000000001,2,1,3,213
SA-20830,4767.3415,610.1495999999996,10,75,2014-02-22 00:00:00.000000,2017-10-28 00:00:00.000000,63,476.73415000000006,3,4,4,344
SB-20170,1348.02,157.66579999999993,3,24,2014-06-06 00:00:00.000000,2017-06-12 00:00:00.000000,201,449.34,1,1,2,112
SB-20185,6410.996,885.4623999999994,6,45,2014-09-20 00:00:00.000000,2017-06-25 00:00:00.000000,188,1068.4993333333334,1,2,4,124
SB-20290,8057.891,-2082.7451000000005,7,84,2014-05-09 00:00:00.000000,2017-11-13 00:00:00.000000,47,1151.1272857142856,3,3,4,334
SC-20020,3362.9636,-317.0508000000001,5,62,2014-03-03 00:00:00.000000,2015-11-10 00:00:00.000000,781,672.59272,1,1,3,113
SC-20050,4624.572,1011.7442999999997,9,61,2014-03-18 00:00:00.000000,2017-11-20 00:00:00.000000,40,513.8413333333333,3,4,4,344
SC-20095,14142.333999999999,5757.4119,9,87,2014-02-12 00:00:00.000000,2017-01-15 00:00:00.000000,349,1571.3704444444443,1,4,4,144
SC-20230,4371.9580000000005,440.1409999999999,4,49,2016-06-06 00:00:00.000000,2017-08-03 00:00:00.000000,149,1092.9895000000001,2,1,4,214
SC-20260,3729.7929999999997,671.0033999999999,8,63,2014-04-06 00:00:00.000000,2017-06-26 00:00:00.000000,187,466.22412499999996,1,3,3,133
SC-20305,3979.065,229.16170000000002,7,64,2014-12-16 00:00:00.000000,2017-12-01 00:00:00.000000,29,568.4378571428572,4,3,4,434
SC-20380,5992.536,236.66149999999982,9,80,2014-03-01 00:00:00.000000,2017-11-30 00:00:00.000000,30,665.8373333333334,4,4,4,444
SC-20440,1874.998,379.5610999999998,7,44,2015-08-17 00:00:00.000000,2017-11-24 00:00:00.000000,36,267.85685714285717,3,3,2,332
SC-20575,902.7280000000001,100.22529999999995,5,30,2014-06-16 00:00:00.000000,2017-09-29 00:00:00.000000,92,180.5456,2,1,1,211
SC-20680,1254.64,370.1578,6,26,2014-11-21 00:00:00.000000,2017-08-26 00:00:00.000000,126,209.10666666666668,2,2,2,222
SC-20695,2576.408,611.8290999999998,10,66,2014-12-16 00:00:00.000000,2017-10-02 00:00:00.000000,89,257.6408,2,4,3,243
SC-20725,5226.21,1276.6513,11,133,2014-06-03 00:00:00.000000,2017-06-26 00:00:00.000000,187,475.11,1,4,4,144
SC-20770,4492.657,-671.1873999999999,7,75,2015-06-20 00:00:00.000000,2017-11-19 00:00:00.000000,41,641.8081428571429,3,3,4,334
SC-20800,279.25600000000003,51.8252,4,11,2015-12-11 00:00:00.000000,2017-11-30 00:00:00.000000,30,69.81400000000001,4,1,1,411
SC-20845,280.632,31.175699999999985,2,13,2016-11-11 00:00:00.000000,2017-08-21 00:00:00.000000,131,140.316,2,1,1,211
SD-20485,6121.114,1985.1672,9,82,2014-01-26 00:00:00.000000,2017-06-13 00:00:00.000000,200,680.1237777777777,1,4,4,144
SE-20110,12209.438000000002,2650.6768999999995,11,78,2014-04-11 00:00:00.000000,2017-12-21 00:00:00.000000,9,1109.9489090909092,4,4,4,444
SF-20065,763.5459999999999,228.1623,7,35,2014-09-10 00:00:00.000000,2017-11-01 00:00:00.000000,59,109.07799999999999,3,3,1,331
SF-20200,3422.7859999999996,286.90460000000013,9,74,2014-12-23 00:00:00.000000,2017-11-01 00:00:00.000000,59,380.3095555555555,3,4,3,343
SF-20965,3336.5350000000003,539.9352,9,66,2014-10-21 00:00:00.000000,2017-11-12 00:00:00.000000,48,370.72611111111115,3,4,3,343
SG-20080,3406.581,570.4379999999999,3,30,2015-10-31 00:00:00.000000,2017-12-22 00:00:00.000000,8,1135.527,4,1,3,413
SG-20470,1884.7979999999998,-119.01049999999998,8,62,2014-07-26 00:00:00.000000,2017-06-30 00:00:00.000000,183,235.59974999999997,2,3,2,232
SG-20605,3124.832,463.26899999999995,6,49,2014-01-23 00:00:00.000000,2017-09-13 00:00:00.000000,108,520.8053333333334,2,2,3,223
SG-20890,47.946,-3.7073000000000036,3,17,2014-03-30 00:00:00.000000,2017-05-18 00:00:00.000000,226,15.982,1,1,1,111
SH-19975,3406.8395,558.4739999999999,13,113,2014-12-10 00:00:00.000000,2017-12-01 00:00:00.000000,29,262.0645769230769,4,4,3,443
SH-20395,2180.718,-144.5229000000002,10,45,2014-11-02 00:00:00.000000,2017-12-07 00:00:00.000000,23,218.0718,4,4,2,442
SH-20635,2096.3920000000003,260.6258000000001,2,16,2014-12-16 00:00:00.000000,2015-11-26 00:00:00.000000,765,1048.1960000000001,1,1,2,112
SJ-20125,3949.656,144.1189,12,104,2015-09-22 00:00:00.000000,2017-09-26 00:00:00.000000,95,329.138,2,4,4,244
SJ-20215,1341.036,-23.51370000000003,6,35,2015-02-09 00:00:00.000000,2017-12-01 00:00:00.000000,29,223.506,4,2,2,422
SJ-20500,1318.776,68.09629999999989,5,30,2014-08-31 00:00:00.000000,2017-04-21 00:00:00.000000,253,263.7552,1,1,2,112
SK-19990,883.409,168.79329999999996,3,19,2016-11-28 00:00:00.000000,2017-12-22 00:00:00.000000,8,294.4696666666667,4,1,1,411
SL-20155,3053.012,527.9715,7,30,2014-09-21 00:00:00.000000,2017-10-21 00:00:00.000000,70,436.14457142857145,3,3,3,333
SM-20005,244.494,-26.592699999999986,4,26,2014-11-23 00:00:00.000000,2016-11-04 00:00:00.000000,421,61.1235,1,1,1,111
SM-20320,25043.05,-1980.7393000000022,5,50,2014-03-18 00:00:00.000000,2017-10-12 00:00:00.000000,79,5008.61,2,1,4,214
SM-20905,1043.0410000000002,-237.28850000000003,1,20,2016-05-03 00:00:00.000000,2016-05-03 00:00:00.000000,606,1043.0410000000002,1,1,1,111
SM-20950,5563.392,581.5741999999999,12,94,2014-09-29 00:00:00.000000,2017-12-05 00:00:00.000000,25,463.616,4,4,4,444
SN-20560,1860.4179999999997,-716.8565000000001,6,67,2015-06-18 00:00:00.000000,2017-09-10 00:00:00.000000,111,310.0696666666666,2,2,2,222
SN-20710,3127.9592,481.74989999999997,7,89,2014-05-06 00:00:00.000000,2017-10-12 00:00:00.000000,79,446.85131428571424,2,3,3,233
SO-20335,2602.5755,-81.08580000000003,6,52,2015-10-11 00:00:00.000000,2017-12-01 00:00:00.000000,29,433.76258333333334,4,2,3,423
SP-20545,1306.086,-118.77570000000009,6,43,2014-10-13 00:00:00.000000,2017-02-06 00:00:00.000000,327,217.681,1,2,2,122
SP-20620,5440.319,-270.4281999999996,9,77,2014-09-08 00:00:00.000000,2017-11-13 00:00:00.000000,47,604.4798888888889,3,4,4,344
SP-20650,1872.4360000000001,268.4781999999999,9,71,2014-04-16 00:00:00.000000,2016-12-09 00:00:00.000000,386,208.04844444444447,1,4,2,142
SP-20860,4282.9400000000005,566.7225999999997,10,80,2014-12-15 00:00:00.000000,2017-10-12 00:00:00.000000,79,428.29400000000004,2,4,4,244
SP-20920,3990.689,14.692399999999838,6,57,2014-11-22 00:00:00.000000,2017-10-21 00:00:00.000000,70,665.1148333333333,3,2,4,324
SR-20425,3233.4810000000007,-3333.914400000001,5,34,2014-06-14 00:00:00.000000,2017-12-22 00:00:00.000000,8,646.6962000000001,4,1,3,413
SR-20740,4345.8859999999995,1990.4243999999999,8,50,2014-02-20 00:00:00.000000,2017-06-17 00:00:00.000000,196,543.2357499999999,1,3,4,134
SS-20140,1324.028,332.34869999999995,8,86,2014-11-23 00:00:00.000000,2017-12-15 00:00:00.000000,15,165.5035,4,3,2,432
SS-20410,3056.807,-1010.9738000000004,6,46,2014-05-30 00:00:00.000000,2017-09-11 00:00:00.000000,110,509.4678333333333,2,2,3,223
SS-20515,613.4,199.93449999999996,3,36,2014-07-14 00:00:00.000000,2016-08-26 00:00:00.000000,491,204.46666666666667,1,1,1,111
SS-20590,418.49,135.5401,6,17,2014-08-05 00:00:00.000000,2016-10-24 00:00:00.000000,432,69.74833333333333,1,2,1,121
SS-20875,964.6360000000001,-75.58600000000008,5,39,2014-12-14 00:00:00.000000,2017-09-01 00:00:00.000000,120,192.92720000000003,2,1,1,211
ST-20530,433.34000000000003,84.44189999999998,7,33,2014-02-14 00:00:00.000000,2017-08-27 00:00:00.000000,125,61.90571428571429,2,3,1,231
SU-20665,2595.364,763.4719,7,61,2015-12-05 00:00:00.000000,2017-12-10 00:00:00.000000,20,370.76628571428574,4,3,3,433
SV-20365,11470.95,1199.4242,10,109,2014-01-11 00:00:00.000000,2017-09-20 00:00:00.000000,101,1147.095,2,4,4,244
SV-20785,4105.305,485.0271999999998,9,91,2014-04-12 00:00:00.000000,2017-02-13 00:00:00.000000,320,456.14500000000004,1,4,4,144
SV-20815,1271.0900000000001,199.6501999999999,4,24,2015-05-04 00:00:00.000000,2017-10-15 00:00:00.000000,76,317.77250000000004,2,1,2,212
SV-20935,1903.491,106.89120000000001,8,66,2016-03-19 00:00:00.000000,2017-12-28 00:00:00.000000,2,237.936375,4,3,2,432
SW-20245,1085.078,-19.60620000000001,7,33,2014-07-20 00:00:00.000000,2017-10-10 00:00:00.000000,81,155.01114285714286,2,3,1,231
SW-20275,1966.65,332.8725,6,28,2014-03-10 00:00:00.000000,2017-11-30 00:00:00.000000,30,327.77500000000003,4,2,2,422
SW-20350,1019.0440000000001,95.83829999999998,3,25,2016-04-09 00:00:00.000000,2017-07-21 00:00:00.000000,162,339.6813333333334,2,1,1,211
SW-20455,2921.544,793.6547999999999,7,18,2015-06-22 00:00:00.000000,2017-07-21 00:00:00.000000,162,417.3634285714285,2,3,3,233
SW-20755,758.6959999999999,68.24159999999995,2,27,2014-11-02 00:00:00.000000,2016-07-14 00:00:00.000000,534,379.34799999999996,1,1,1,111
SZ-20035,3625.329,366.43029999999993,11,69,2014-09-07 00:00:00.000000,2017-11-25 00:00:00.000000,35,329.57536363636365,3,4,3,343
TA-21385,14595.62,4703.788299999999,4,36,2014-09-12 00:00:00.000000,2017-10-22 00:00:00.000000,69,3648.905,3,1,4,314
TB-21055,1467.881,390.2113,5,66,2016-06-17 00:00:00.000000,2017-09-02 00:00:00.000000,119,293.57620000000003,2,1,2,212
TB-21175,3589.296,829.1635000000001,4,36,2014-12-08 00:00:00.000000,2017-11-02 00:00:00.000000,58,897.324,3,1,3,313
TB-21190,816.1740000000001,179.00379999999998,4,23,2014-12-27 00:00:00.000000,2017-11-11 00:00:00.000000,49,204.04350000000002,3,1,1,311
TB-21250,1602.3760000000002,260.61549999999994,7,74,2014-12-08 00:00:00.000000,2017-01-15 00:00:00.000000,349,228.91085714285717,1,3,2,132
TB-21280,2198.45,490.9566999999999,6,35,2014-06-21 00:00:00.000000,2016-05-26 00:00:00.000000,583,366.4083333333333,1,2,2,122
TB-21355,834.328,268.967,5,44,2016-01-25 00:00:00.000000,2017-08-06 00:00:00.000000,146,166.8656,2,1,1,211
TB-21400,9133.99,2798.3688999999995,7,55,2014-01-21 00:00:00.000000,2017-06-11 00:00:00.000000,202,1304.8557142857142,1,3,4,134
TB-21520,4737.486000000001,-1603.0451000000003,9,85,2014-10-17 00:00:00.000000,2017-09-14 00:00:00.000000,107,526.3873333333335,2,4,4,244
TB-21595,1387.559,-136.4091,5,29,2014-02-18 00:00:00.000000,2017-03-20 00:00:00.000000,285,277.5118,1,1,2,112
TB-21625,2797.668,379.8819999999997,9,60,2014-08-06 00:00:00.000000,2017-11-30 00:00:00.000000,30,310.85200000000003,4,4,3,443
TC-20980,19052.217999999997,8981.3239,5,42,2014-11-07 00:00:00.000000,2016-11-26 00:00:00.000000,399,3810.4435999999996,1,1,4,114
TC-21145,1038.26,265.5332,1,17,2017-09-15 00:00:00.000000,2017-09-15 00:00:00.000000,106,1038.26,2,1,1,211
TC-21295,4266.812,606.3727000000001,8,63,2014-10-14 00:00:00.000000,2017-12-03 00:00:00.000000,27,533.3515,4,3,4,434
TC-21475,1244.976,119.10399999999996,9,45,2014-11-22 00:00:00.000000,2017-07-30 00:00:00.000000,153,138.33066666666667,2,4,2,242
TC-21535,742.5580000000001,217.93300000000002,7,28,2014-11-03 00:00:00.000000,2017-12-26 00:00:00.000000,4,106.0797142857143,4,3,1,431
TD-20995,1434.548,88.18969999999999,9,67,2014-05-19 00:00:00.000000,2017-11-23 00:00:00.000000,37,159.39422222222223,3,4,2,342
TG-21310,3058.3720000000003,682.1704,5,30,2015-03-09 00:00:00.000000,2017-01-27 00:00:00.000000,337,611.6744000000001,1,1,3,113
TG-21640,2074.661,365.7205000000001,4,50,2014-03-31 00:00:00.000000,2017-09-07 00:00:00.000000,114,518.66525,2,1,2,212
TH-21100,2422.824,-135.21250000000018,5,29,2014-09-27 00:00:00.000000,2017-01-20 00:00:00.000000,344,484.5648,1,1,3,113
TH-21115,2942.772,-252.55389999999997,4,29,2014-09-23 00:00:00.000000,2017-11-02 00:00:00.000000,58,735.693,3,1,3,313
TH-21235,1022.2010000000001,92.72899999999998,8,40,2014-11-04 00:00:00.000000,2017-09-04 00:00:00.000000,117,127.77512500000002,2,3,1,231
TH-21550,4234.0960000000005,-571.9678,7,44,2014-04-05 00:00:00.000000,2017-10-19 00:00:00.000000,72,604.8708571428572,3,3,4,334
TM-21010,2955.2259999999997,573.3012999999999,8,67,2014-02-21 00:00:00.000000,2017-09-18 00:00:00.000000,103,369.40324999999996,2,3,3,233
TM-21490,1094.6779999999999,292.521,3,12,2017-03-30 00:00:00.000000,2017-08-22 00:00:00.000000,130,364.8926666666666,2,1,1,211
TN-21040,3130.221,-692.0452,7,48,2014-10-10 00:00:00.000000,2017-10-01 00:00:00.000000,90,447.17442857142856,2,3,3,233
TP-21130,4454.0560000000005,1129.1261,9,55,2015-04-14 00:00:00.000000,2017-12-22 00:00:00.000000,8,494.8951111111112,4,4,4,444
TP-21415,5329.0048,-1087.3898000000002,5,39,2015-11-28 00:00:00.000000,2017-09-17 00:00:00.000000,104,1065.80096,2,1,4,214
TP-21565,1936.6400000000003,139.2286999999999,4,48,2015-03-01 00:00:00.000000,2017-01-14 00:00:00.000000,350,484.1600000000001,1,1,2,112
TR-21325,675.9419999999999,220.36439999999996,5,22,2014-12-01 00:00:00.000000,2017-06-20 00:00:00.000000,193,135.18839999999997,1,1,1,111
TS-21085,4.833000000000001,-3.3156,2,4,2015-07-19 00:00:00.000000,2017-01-07 00:00:00.000000,357,2.4165000000000005,1,1,1,111
TS-21160,2163.624,260.8744,6,60,2014-04-23 00:00:00.000000,2016-08-13 00:00:00.000000,504,360.604,1,2,2,122
TS-21205,5371.09,862.8877000000001,7,67,2014-03-21 00:00:00.000000,2017-06-15 00:00:00.000000,198,767.2985714285714,1,3,4,134
TS-21340,974.782,-184.97889999999998,5,51,2014-01-19 00:00:00.000000,2017-05-18 00:00:00.000000,226,194.9564,1,1,1,111
TS-21370,11891.751,2371.7144,6,59,2014-10-28 00:00:00.000000,2017-11-24 00:00:00.000000,36,1981.9585,3,2,4,324
TS-21430,2054.14,48.70169999999998,5,31,2014-07-30 00:00:00.000000,2017-07-11 00:00:00.000000,172,410.828,2,1,2,212
TS-21505,2243.274,11.377900000000011,6,54,2014-12-20 00:00:00.000000,2017-12-19 00:00:00.000000,11,373.87899999999996,4,2,2,422
TS-21610,2820.424,-294.6981000000002,7,44,2014-08-16 00:00:00.000000,2017-11-05 00:00:00.000000,55,402.9177142857143,3,3,3,333
TS-21655,3368.094,220.91629999999992,5,52,2015-02-06 00:00:00.000000,2017-05-06 00:00:00.000000,238,673.6188,1,1,3,113
TT-21070,4915.602,751.9567,7,66,2014-05-18 00:00:00.000000,2017-11-29 00:00:00.000000,31,702.2288571428571,3,3,4,334
TT-21220,1427.0439999999999,278.73709999999994,8,55,2014-09-23 00:00:00.000000,2017-06-30 00:00:00.000000,183,178.38049999999998,2,3,2,232
TT-21265,439.5,93.9162,3,8,2015-08-15 00:00:00.000000,2016-11-19 00:00:00.000000,406,146.5,1,1,1,111
TT-21460,5364.808,1124.4998999999998,7,48,2015-12-08 00:00:00.000000,2017-12-18 00:00:00.000000,12,766.4011428571429,4,3,4,434
TW-21025,5278.826,737.3904999999997,7,57,2014-12-22 00:00:00.000000,2017-10-27 00:00:00.000000,64,754.118,3,3,4,334
TZ-21580,1707.286,224.88869999999991,4,30,2014-11-11 00:00:00.000000,2017-11-25 00:00:00.000000,35,426.8215,3,1,2,312
VB-21745,2005.596,371.23979999999995,6,37,2015-07-17 00:00:00.000000,2017-11-06 00:00:00.000000,54,334.266,3,2,2,322
VD-21670,6442.254,1617.7874000000002,6,71,2014-08-04 00:00:00.000000,2016-05-28 00:00:00.000000,581,1073.709,1,2,4,124
VF-21715,847.944,-96.27800000000002,5,35,2014-03-01 00:00:00.000000,2017-12-17 00:00:00.000000,13,169.5888,4,1,1,411
VG-21790,846.01,143.6268,6,32,2014-08-08 00:00:00.000000,2017-07-29 00:00:00.000000,154,141.00166666666667,2,2,1,221
VG-21805,427.372,-52.333,5,16,2014-09-22 00:00:00.000000,2017-03-19 00:00:00.000000,286,85.4744,1,1,1,111
VM-21685,2454.866,513.5269,7,37,2014-04-07 00:00:00.000000,2017-11-06 00:00:00.000000,54,350.69514285714286,3,3,3,333
VM-21835,380.69,116.63730000000001,5,25,2014-03-22 00:00:00.000000,2017-09-04 00:00:00.000000,117,76.138,2,1,1,211
VP-21730,993.902,205.38879999999995,3,18,2015-07-05 00:00:00.000000,2017-11-30 00:00:00.000000,30,331.3006666666667,4,1,1,411
VP-21760,3360.5260000000003,-1018.7768,7,65,2014-09-06 00:00:00.000000,2017-10-16 00:00:00.000000,75,480.0751428571429,3,3,3,333
VS-21820,1055.981,-262.80930000000006,4,38,2014-01-07 00:00:00.000000,2017-05-23 00:00:00.000000,221,263.99525,1,1,1,111
VT-21700,1736.596,-224.0889000000001,2,42,2014-06-06 00:00:00.000000,2015-04-05 00:00:00.000000,1000,868.298,1,1,2,112
VW-21775,6134.0380000000005,-874.6645000000002,10,77,2014-05-11 00:00:00.000000,2017-12-02 00:00:00.000000,28,613.4038,4,4,4,444
WB-21850,6160.102,714.3310999999997,11,146,2014-11-04 00:00:00.000000,2017-12-10 00:00:00.000000,20,560.0092727272727,4,4,4,444
XP-21865,2374.658,621.23,11,100,2014-01-20 00:00:00.000000,2017-11-17 00:00:00.000000,43,215.878,3,4,3,343
YC-21895,5454.35,1305.6290000000001,5,31,2014-11-17 00:00:00.000000,2017-12-26 00:00:00.000000,4,1090.8700000000001,4,1,4,414
YS-21880,6720.444,1778.2922999999996,8,58,2015-01-12 00:00:00.000000,2017-12-21 00:00:00.000000,9,840.0555,4,3,4,434
ZC-21910,8025.707,-1032.149000000001,13,105,2014-10-13 00:00:00.000000,2017-11-06 00:00:00.000000,54,617.362076923077,3,4,4,344
ZD-21925,1493.9440000000002,249.13069999999993,5,32,2014-08-27 00:00:00.000000,2017-06-11 00:00:00.000000,202,298.78880000000004,1,1,2,112
